-- MySQL dump 10.13  Distrib 8.0.36, for Linux (x86_64)
--
-- Host: localhost    Database: restfinder_db
-- ------------------------------------------------------
-- Server version	8.4.5-0ubuntu0.1

/*!40101 SET @OLD_CHARACTER_SET_CLIENT=@@CHARACTER_SET_CLIENT */;
/*!40101 SET @OLD_CHARACTER_SET_RESULTS=@@CHARACTER_SET_RESULTS */;
/*!40101 SET @OLD_COLLATION_CONNECTION=@@COLLATION_CONNECTION */;
/*!50503 SET NAMES utf8 */;
/*!40103 SET @OLD_TIME_ZONE=@@TIME_ZONE */;
/*!40103 SET TIME_ZONE='+00:00' */;
/*!40014 SET @OLD_UNIQUE_CHECKS=@@UNIQUE_CHECKS, UNIQUE_CHECKS=0 */;
/*!40014 SET @OLD_FOREIGN_KEY_CHECKS=@@FOREIGN_KEY_CHECKS, FOREIGN_KEY_CHECKS=0 */;
/*!40101 SET @OLD_SQL_MODE=@@SQL_MODE, SQL_MODE='NO_AUTO_VALUE_ON_ZERO' */;
/*!40111 SET @OLD_SQL_NOTES=@@SQL_NOTES, SQL_NOTES=0 */;

--
-- Table structure for table `categories`
--

DROP TABLE IF EXISTS `categories`;
/*!40101 SET @saved_cs_client     = @@character_set_client */;
/*!50503 SET character_set_client = utf8mb4 */;
CREATE TABLE `categories` (
  `id` int NOT NULL AUTO_INCREMENT,
  `is_visible` bit(1) DEFAULT NULL,
  `en_name` varchar(255) DEFAULT NULL,
  `google_name` varchar(255) DEFAULT NULL,
  `it_name` varchar(255) DEFAULT NULL,
  PRIMARY KEY (`id`)
) ENGINE=InnoDB AUTO_INCREMENT=25 DEFAULT CHARSET=utf8mb4 COLLATE=utf8mb4_0900_ai_ci;
/*!40101 SET character_set_client = @saved_cs_client */;

--
-- Dumping data for table `categories`
--

LOCK TABLES `categories` WRITE;
/*!40000 ALTER TABLE `categories` DISABLE KEYS */;
INSERT INTO `categories` VALUES (1,_binary '','Italian Restaurant','italian_restaurant','Cucina Italiana'),(2,_binary '','Pizza Restaurant','pizza_restaurant','Pizzeria'),(3,_binary '','Seafood Restaurant','seafood_restaurant','Ristorante di Pesce'),(4,_binary '','Food','food','Cibo'),(5,_binary '\0','Point of Interest','point_of_interest','Punto di Interesse'),(6,_binary '\0','Establishment','establishment','Struttura'),(7,_binary '','Bar','bar','Bar'),(8,_binary '','Night Club','night_club','Discoteca'),(9,_binary '','Mediterranean Restaurant','mediterranean_restaurant','Cucina Mediterranea'),(10,_binary '','Meal Takeaway','meal_takeaway','Cibo da Asporto'),(11,_binary '\0','Hotel','hotel','Hotel'),(12,_binary '\0','Lodging','lodging','Alloggio'),(13,_binary '','Wine Bar','wine_bar','Enoteca'),(14,_binary '','Restaurant','restaurant','Ristorante'),(15,NULL,NULL,'pub',NULL),(16,NULL,NULL,'barbecue_area',NULL),(17,NULL,NULL,'store',NULL),(18,NULL,NULL,'turkish_restaurant',NULL),(19,NULL,NULL,'consultant',NULL),(20,NULL,NULL,'steak_house',NULL),(21,NULL,NULL,'sandwich_shop',NULL),(22,NULL,NULL,'fast_food_restaurant',NULL),(23,NULL,NULL,'breakfast_restaurant',NULL),(24,NULL,NULL,'food_store',NULL);
/*!40000 ALTER TABLE `categories` ENABLE KEYS */;
UNLOCK TABLES;

--
-- Table structure for table `category_place`
--

DROP TABLE IF EXISTS `category_place`;
/*!40101 SET @saved_cs_client     = @@character_set_client */;
/*!50503 SET character_set_client = utf8mb4 */;
CREATE TABLE `category_place` (
  `category_id` int NOT NULL,
  `place_id` varchar(255) NOT NULL,
  PRIMARY KEY (`category_id`,`place_id`),
  KEY `FKox9csyj5mbjh53kqivwqne9ow` (`place_id`),
  CONSTRAINT `FK2gha87b9o1pi7h3q2v0cbam1e` FOREIGN KEY (`category_id`) REFERENCES `categories` (`id`),
  CONSTRAINT `FKox9csyj5mbjh53kqivwqne9ow` FOREIGN KEY (`place_id`) REFERENCES `places` (`id`)
) ENGINE=InnoDB DEFAULT CHARSET=utf8mb4 COLLATE=utf8mb4_0900_ai_ci;
/*!40101 SET character_set_client = @saved_cs_client */;

--
-- Dumping data for table `category_place`
--

LOCK TABLES `category_place` WRITE;
/*!40000 ALTER TABLE `category_place` DISABLE KEYS */;
INSERT INTO `category_place` VALUES (1,'ChIJ0xTlcxPGhkcRPOw3DDFtJXw'),(4,'ChIJ0xTlcxPGhkcRPOw3DDFtJXw'),(5,'ChIJ0xTlcxPGhkcRPOw3DDFtJXw'),(6,'ChIJ0xTlcxPGhkcRPOw3DDFtJXw'),(7,'ChIJ0xTlcxPGhkcRPOw3DDFtJXw'),(14,'ChIJ0xTlcxPGhkcRPOw3DDFtJXw'),(15,'ChIJ0xTlcxPGhkcRPOw3DDFtJXw'),(16,'ChIJ0xTlcxPGhkcRPOw3DDFtJXw'),(17,'ChIJ0xTlcxPGhkcRPOw3DDFtJXw'),(1,'ChIJ395RFKqTe0cRFhXWP9TdyGU'),(3,'ChIJ395RFKqTe0cRFhXWP9TdyGU'),(4,'ChIJ395RFKqTe0cRFhXWP9TdyGU'),(5,'ChIJ395RFKqTe0cRFhXWP9TdyGU'),(6,'ChIJ395RFKqTe0cRFhXWP9TdyGU'),(7,'ChIJ395RFKqTe0cRFhXWP9TdyGU'),(8,'ChIJ395RFKqTe0cRFhXWP9TdyGU'),(9,'ChIJ395RFKqTe0cRFhXWP9TdyGU'),(14,'ChIJ395RFKqTe0cRFhXWP9TdyGU'),(1,'ChIJ49vS4vCY1RIRu2b1tbdTZlc'),(4,'ChIJ49vS4vCY1RIRu2b1tbdTZlc'),(5,'ChIJ49vS4vCY1RIRu2b1tbdTZlc'),(6,'ChIJ49vS4vCY1RIRu2b1tbdTZlc'),(14,'ChIJ49vS4vCY1RIRu2b1tbdTZlc'),(21,'ChIJ49vS4vCY1RIRu2b1tbdTZlc'),(22,'ChIJ49vS4vCY1RIRu2b1tbdTZlc'),(1,'ChIJ6aI8_L7Uf0cRvyJqyTcRugQ'),(4,'ChIJ6aI8_L7Uf0cRvyJqyTcRugQ'),(5,'ChIJ6aI8_L7Uf0cRvyJqyTcRugQ'),(6,'ChIJ6aI8_L7Uf0cRvyJqyTcRugQ'),(14,'ChIJ6aI8_L7Uf0cRvyJqyTcRugQ'),(17,'ChIJ6aI8_L7Uf0cRvyJqyTcRugQ'),(23,'ChIJ6aI8_L7Uf0cRvyJqyTcRugQ'),(24,'ChIJ6aI8_L7Uf0cRvyJqyTcRugQ'),(4,'ChIJa9OqzjXBhkcRClFolFwHb48'),(5,'ChIJa9OqzjXBhkcRClFolFwHb48'),(6,'ChIJa9OqzjXBhkcRClFolFwHb48'),(14,'ChIJa9OqzjXBhkcRClFolFwHb48'),(4,'ChIJd1v0xgnEhkcRc8ZQYXM23ic'),(5,'ChIJd1v0xgnEhkcRc8ZQYXM23ic'),(6,'ChIJd1v0xgnEhkcRc8ZQYXM23ic'),(7,'ChIJd1v0xgnEhkcRc8ZQYXM23ic'),(14,'ChIJd1v0xgnEhkcRc8ZQYXM23ic'),(15,'ChIJd1v0xgnEhkcRc8ZQYXM23ic'),(4,'ChIJDzEdJWTne0cRpT374m7RdRY'),(5,'ChIJDzEdJWTne0cRpT374m7RdRY'),(6,'ChIJDzEdJWTne0cRpT374m7RdRY'),(11,'ChIJDzEdJWTne0cRpT374m7RdRY'),(12,'ChIJDzEdJWTne0cRpT374m7RdRY'),(14,'ChIJDzEdJWTne0cRpT374m7RdRY'),(1,'ChIJE1L9XHRtiEcRq5-2iVBlfHY'),(4,'ChIJE1L9XHRtiEcRq5-2iVBlfHY'),(5,'ChIJE1L9XHRtiEcRq5-2iVBlfHY'),(6,'ChIJE1L9XHRtiEcRq5-2iVBlfHY'),(14,'ChIJE1L9XHRtiEcRq5-2iVBlfHY'),(1,'ChIJF1CkkMvGhkcRg501F97uuWc'),(2,'ChIJF1CkkMvGhkcRg501F97uuWc'),(4,'ChIJF1CkkMvGhkcRg501F97uuWc'),(5,'ChIJF1CkkMvGhkcRg501F97uuWc'),(6,'ChIJF1CkkMvGhkcRg501F97uuWc'),(14,'ChIJF1CkkMvGhkcRg501F97uuWc'),(4,'ChIJGTS_wcvGhkcRzftUQwsZxc4'),(5,'ChIJGTS_wcvGhkcRzftUQwsZxc4'),(6,'ChIJGTS_wcvGhkcRzftUQwsZxc4'),(7,'ChIJGTS_wcvGhkcRzftUQwsZxc4'),(14,'ChIJGTS_wcvGhkcRzftUQwsZxc4'),(5,'ChIJGYaN8qfHhkcRivx00rrR9AA'),(6,'ChIJGYaN8qfHhkcRivx00rrR9AA'),(19,'ChIJGYaN8qfHhkcRivx00rrR9AA'),(1,'ChIJjcBseK7GhkcRHlZ7PBALSOU'),(2,'ChIJjcBseK7GhkcRHlZ7PBALSOU'),(4,'ChIJjcBseK7GhkcRHlZ7PBALSOU'),(5,'ChIJjcBseK7GhkcRHlZ7PBALSOU'),(6,'ChIJjcBseK7GhkcRHlZ7PBALSOU'),(14,'ChIJjcBseK7GhkcRHlZ7PBALSOU'),(1,'ChIJlSM1OxFRFBMRzTX5gjGL4XA'),(3,'ChIJlSM1OxFRFBMRzTX5gjGL4XA'),(4,'ChIJlSM1OxFRFBMRzTX5gjGL4XA'),(5,'ChIJlSM1OxFRFBMRzTX5gjGL4XA'),(6,'ChIJlSM1OxFRFBMRzTX5gjGL4XA'),(14,'ChIJlSM1OxFRFBMRzTX5gjGL4XA'),(1,'ChIJmb6fmJuTe0cRxXcmJY0uM80'),(4,'ChIJmb6fmJuTe0cRxXcmJY0uM80'),(5,'ChIJmb6fmJuTe0cRxXcmJY0uM80'),(6,'ChIJmb6fmJuTe0cRxXcmJY0uM80'),(14,'ChIJmb6fmJuTe0cRxXcmJY0uM80'),(4,'ChIJn6aDl1jHhkcRhzHEKGbHk2o'),(5,'ChIJn6aDl1jHhkcRhzHEKGbHk2o'),(6,'ChIJn6aDl1jHhkcRhzHEKGbHk2o'),(14,'ChIJn6aDl1jHhkcRhzHEKGbHk2o'),(4,'ChIJP4V-BuLDhkcROuVQTRQJuxA'),(5,'ChIJP4V-BuLDhkcROuVQTRQJuxA'),(6,'ChIJP4V-BuLDhkcROuVQTRQJuxA'),(7,'ChIJP4V-BuLDhkcROuVQTRQJuxA'),(13,'ChIJP4V-BuLDhkcROuVQTRQJuxA'),(14,'ChIJP4V-BuLDhkcROuVQTRQJuxA'),(1,'ChIJP6kN8nbqe0cR_IRS4e3wy-Q'),(4,'ChIJP6kN8nbqe0cR_IRS4e3wy-Q'),(5,'ChIJP6kN8nbqe0cR_IRS4e3wy-Q'),(6,'ChIJP6kN8nbqe0cR_IRS4e3wy-Q'),(14,'ChIJP6kN8nbqe0cR_IRS4e3wy-Q'),(1,'ChIJpyVSCfGh1RIRxaK3knrNlYU'),(3,'ChIJpyVSCfGh1RIRxaK3knrNlYU'),(4,'ChIJpyVSCfGh1RIRxaK3knrNlYU'),(5,'ChIJpyVSCfGh1RIRxaK3knrNlYU'),(6,'ChIJpyVSCfGh1RIRxaK3knrNlYU'),(14,'ChIJpyVSCfGh1RIRxaK3knrNlYU'),(20,'ChIJpyVSCfGh1RIRxaK3knrNlYU'),(4,'ChIJRx1ww4TGhkcRLFUckuKI_jU'),(5,'ChIJRx1ww4TGhkcRLFUckuKI_jU'),(6,'ChIJRx1ww4TGhkcRLFUckuKI_jU'),(7,'ChIJRx1ww4TGhkcRLFUckuKI_jU'),(14,'ChIJRx1ww4TGhkcRLFUckuKI_jU'),(18,'ChIJRx1ww4TGhkcRLFUckuKI_jU'),(1,'ChIJsRJsqYegLhMRf_g7sRzBKtE'),(4,'ChIJsRJsqYegLhMRf_g7sRzBKtE'),(5,'ChIJsRJsqYegLhMRf_g7sRzBKtE'),(6,'ChIJsRJsqYegLhMRf_g7sRzBKtE'),(14,'ChIJsRJsqYegLhMRf_g7sRzBKtE'),(1,'ChIJTf9tskEIOxMRZbTH0HvMoLs'),(3,'ChIJTf9tskEIOxMRZbTH0HvMoLs'),(4,'ChIJTf9tskEIOxMRZbTH0HvMoLs'),(5,'ChIJTf9tskEIOxMRZbTH0HvMoLs'),(6,'ChIJTf9tskEIOxMRZbTH0HvMoLs'),(14,'ChIJTf9tskEIOxMRZbTH0HvMoLs'),(3,'ChIJUUjCi7bHhkcRnFM4XCEBzuw'),(4,'ChIJUUjCi7bHhkcRnFM4XCEBzuw'),(5,'ChIJUUjCi7bHhkcRnFM4XCEBzuw'),(6,'ChIJUUjCi7bHhkcRnFM4XCEBzuw'),(14,'ChIJUUjCi7bHhkcRnFM4XCEBzuw'),(23,'ChIJUUjCi7bHhkcRnFM4XCEBzuw'),(1,'ChIJVTkQgThgLxMRWM0saoiZzkA'),(4,'ChIJVTkQgThgLxMRWM0saoiZzkA'),(5,'ChIJVTkQgThgLxMRWM0saoiZzkA'),(6,'ChIJVTkQgThgLxMRWM0saoiZzkA'),(14,'ChIJVTkQgThgLxMRWM0saoiZzkA'),(5,'ChIJvx3VBOLDhkcRmx7LFi0fXgs'),(6,'ChIJvx3VBOLDhkcRmx7LFi0fXgs'),(19,'ChIJvx3VBOLDhkcRmx7LFi0fXgs'),(1,'ChIJX98BmT9VKhMReqQaTWNjkvY'),(4,'ChIJX98BmT9VKhMReqQaTWNjkvY'),(5,'ChIJX98BmT9VKhMReqQaTWNjkvY'),(6,'ChIJX98BmT9VKhMReqQaTWNjkvY'),(14,'ChIJX98BmT9VKhMReqQaTWNjkvY');
/*!40000 ALTER TABLE `category_place` ENABLE KEYS */;
UNLOCK TABLES;

--
-- Table structure for table `photos`
--

DROP TABLE IF EXISTS `photos`;
/*!40101 SET @saved_cs_client     = @@character_set_client */;
/*!50503 SET character_set_client = utf8mb4 */;
CREATE TABLE `photos` (
  `created_at` datetime(6) DEFAULT NULL,
  `id` bigint NOT NULL AUTO_INCREMENT,
  `photo_reference` varchar(500) DEFAULT NULL,
  `content_type` varchar(255) DEFAULT NULL,
  `file_name` varchar(255) DEFAULT NULL,
  `file_path` varchar(255) DEFAULT NULL,
  `place_id` varchar(255) DEFAULT NULL,
  PRIMARY KEY (`id`),
  KEY `FK7gvkrjn6sfwaabbjr8eigu3br` (`place_id`),
  CONSTRAINT `FK7gvkrjn6sfwaabbjr8eigu3br` FOREIGN KEY (`place_id`) REFERENCES `places` (`id`)
) ENGINE=InnoDB AUTO_INCREMENT=119 DEFAULT CHARSET=utf8mb4 COLLATE=utf8mb4_0900_ai_ci;
/*!40101 SET character_set_client = @saved_cs_client */;

--
-- Dumping data for table `photos`
--

LOCK TABLES `photos` WRITE;
/*!40000 ALTER TABLE `photos` DISABLE KEYS */;
INSERT INTO `photos` VALUES ('2025-07-24 16:50:17.413814',1,'ATKogpfqGkEA1TlgVmGV-x0Y0G66Fl2h4LtvXd0FRnxDW10q8WA1ohDbu8eqmAaBK-RQ0p51KoxRymD--uuZMcMbapTLpM5ZdjzwYoOL4q4loobkNEKzga-Ya1VKx4QUwmFoUpz2tJO-m7O_8oKAAUHHJhALiFc80O6C9y8ML0hVgz4iUgykNmNXJbZiJo6kI7St6xxSbhhSzkFPeLBi93VW3gS-EOIoLJ-AnYNTDZGNQqZJHNhoPs7xZZwTcbdMgFf98yRUKXngQYNwMVhQ96eCYyygTzmTlR-RUqCefD2ZTKvGFtWJgmHH-H5Isd-uiq2ISK0IqsYhBQnag9tC9UtWKcO9NwoFuCrybjrLx1TXVoLHFbistfGvI3mdNlwZBqITYoFBQ4SpnX6O-i1FGGoZZYodP7W_yKAQVAO1s00EPtGzcnnWTLk7y5-PpMoP7LwT',NULL,'d79e864e09d2d9eb_1753368617413','backend/downloaded/photos/d79e864e09d2d9eb_1753368617413','ChIJ395RFKqTe0cRFhXWP9TdyGU'),('2025-07-24 16:50:17.438890',2,'ATKogpefbESkU0-g_xt1HobRjkAd8t70oH51nf--LwV_jRX3hoC5_Yx0UyAoT1xCEJMhatFd6QQfPto2iPJR8NcgQVz6uvXeILAUOq7JaTJWm58ID6RjF1n_6gCkFL_GlqblrBHR5pFhVAKqacc2POEj8akVi29-ZWdmP5Y3_-M1c2uOiMT0naUEBYOt4b-M356YJlU2AcJwoXH7r5U0T5di-T0vWe1tLrXQztSq107arWr5sOd445q68xlziUgeGz839EX5uaRfHccjpNARK7xXwU6vVkJs3sF8PvTLAAU0JefH9Q',NULL,'0ba42a13a9c9cc72_1753368617438','backend/downloaded/photos/0ba42a13a9c9cc72_1753368617438','ChIJ395RFKqTe0cRFhXWP9TdyGU'),('2025-07-24 16:50:17.379520',3,'ATKogpee_3o7hGZl2130Hl6a3tQF2bP1Rd_n0jxzmQ_zWSwYeDeQ85L_oh0YHDFFhhO28RqV_cJTgUUxMQeY5JwSA_oQB03cYsceQSG-Bzm5hcrfd5E2d0i60RH2ljDTRfkOPbMlGgwED8Wh5_lrl05VYjSvCJpufs3cDXwZ38zoG97TXEL26MKDf0xjHaesjsl2wUB1NPARgLchkVPShQXnljindB2YxkM769L4N4MpVboklrSy2T14tlyO33ULDXuMeD-hr2hrCkbkZULiUwC6P1TEGZwM771k6gH96P-ipDItYA',NULL,'7b2dcab30b06f94a_1753368617379','backend/downloaded/photos/7b2dcab30b06f94a_1753368617379','ChIJ395RFKqTe0cRFhXWP9TdyGU'),('2025-07-24 16:50:17.457792',4,'ATKogpd8W67OASan7RY0AauA6MUMW6ey-GWHtH6gTrFa2c8KoRTf98TrED9EdR6KgkgFk5zyd5h2ZPrjKrY-l_l2J-3XrfVOq5kjCGA01XmcIaXP8l488d2lF5omxqKDm-Bhw8QGgoJSZNYgM-O-M_TdzuEbcDj_-6dS451lf8N2vXUBGTu24UuGe6RX06CT9SU6NNgnXGGtxcT6Ncb1gGnxpllS58l8rmx6gn3W9y68xBR9Q5OH5Fcx_DB6o2yTHfHd5tRW0i0rSM9TRprWfzKT581zYr2c69a0ZJQdx1eurZc7nv1FOOToLdEM3HCfJJ8Dspqc-CNsPb2t4nTSrD0zWa9XDUBU-1ZboZQOPUJoE9HP73ecIkG-27W74CV35ZK7x1vK1rTcUaD8yS7yycbWcC6HUOqbg9AGCLI4Ns5PaiBvRUfdy1FhoFr5PYmSgCLV',NULL,'44b2e2b973ec3aae_1753368617457','backend/downloaded/photos/44b2e2b973ec3aae_1753368617457','ChIJ395RFKqTe0cRFhXWP9TdyGU'),('2025-07-24 16:50:17.478680',5,'ATKogpdj-P1loqnSa1TXtCnJQzMv8-GItCcK29z_qc7JDZuprLc9FJD6JSwc1cw7zLBHhUJBv4wjj6Hi25myzpRJ2tuWg17mg2UmbtrpxCYdIHoziSkX1B021NbhCvucx1B92E0BoLrjyrjI0URNhOBANFejkEjDQVg_3weSTj7DbLQIjQXBzaDH3ksIug_J7_jMhHqNjAZj7I24J8BWc2Xsl2VAzj0xA0RoiWhm21KB2c5vP9uEv-zeLlgQgpK7KpbsDlANm-ES3w3oDUfH25aRtUwakO3zYFFY2h5RUVhiCf7DOx-3Dm13i3gN345DOTETzlghb_k3xPKfnsbaAIiZuQJjhovRtcTtrwcHOrAZh2Qqc3hntO5DQqbt3daaXGEXkGWbyF1rR1Nk0R83MJluMvcNyQ079Ku8_ZWLHPP8BzS9qw',NULL,'0585c7925052abba_1753368617478','backend/downloaded/photos/0585c7925052abba_1753368617478','ChIJ395RFKqTe0cRFhXWP9TdyGU'),('2025-07-24 16:51:12.332558',6,'ATKogpc8fXUHhR9_MFYIRgGxBMY_p6xVFDrSF3e1_DR0lR4N6liOwafvSNhkFvxi5qCrzFHkF1o-08EagoxOIe-lzaLe5_wdGKcoJNTy8MlD_2-xDOhHEjnvGLDthjtlRm0SeQaGJpDgQSTmF3JVGZzFDOj73YZPndZEHW-g8t-R9BY-0aES17KUZesM5WckBHd23-lxWY2PzWxLK3groFhKEzmi_FRhrWKT7dNtYXrnvibNT5Pl91SU-0EdXVTxe-up5qCx36KgSkrjqJw13lu_4LoxoA0vdrbSJYBC725e2ylIiOD0qjwNDXNWfBLV0t139d2b7-yU0Trd-ZGviYWurFqyi8XPEHTbTZgSHfva3bs3fk_ZQtWzko9k37V7AuZZsNe6WKSzzIVdwNTPzVmefM5O_2jDJlkNWbcY9z7lBoGCCw',NULL,'4fe78f6024b5a78a_1753368672332','backend/downloaded/photos/4fe78f6024b5a78a_1753368672332','ChIJmb6fmJuTe0cRxXcmJY0uM80'),('2025-07-24 16:51:12.365930',7,'ATKogpd0B7holjbzYssudt9rWtjhWRYtpHtl6fIJBvfAnPjNhUrLN8BlU5tmNkM_R6PzLR3XfoCchn2fNmqLwP3EpQQ6u9IPkEmfi_HhrYNSUzG76HSxlQOh7r14p20zgvMh00Imi4PcaeXrcOPqDdhRTz8TCg4dveszi6P8x6y2NXohYbyLDhE4ytPM5Bs5tpAhGI3hHWBGHEMUt_s3iKgatVYalryF3HRvh1S6B202NXMLwx5LtU89HcmsF1KeoTd20VOXXP-azE5tryFcXkvD43Gy_8WH0wmaprJTRnejlZLb2h_zjWexnn51w0MMQplqiu6p4uFLvZiNzyfDgxVj8jdBbfRZATgFJZipoZsN7g5xv6ZN_Z1jGKPtVmmrvuS_K5kS_38BYXHjqtvpEpR-JCOFslPxolVsIepnqWLi4a1qqMaw',NULL,'3dd5cd24593abc12_1753368672365','backend/downloaded/photos/3dd5cd24593abc12_1753368672365','ChIJmb6fmJuTe0cRxXcmJY0uM80'),('2025-07-24 16:51:12.422378',8,'ATKogpeM4ZEl5SbyKQatU2cJEmjsV-5FOSnmjGAe5OOIuI6OBUz6TVyfhyrnTX6OoXRGY3E98rFBb6WwNJTdJK7_ZKJpaHNBrn3TchtZek4ClU_51uoJIKoquPyd28ESlJuRCCSvtTOT2TIAden0QGfOdQaHBmcLDFC_dsp57zslzU2IGDlRj9FPD3V_pr0GeUuqUgB0FxaS3JPJMBkgNELUIpYYKlnPumewQcuZGlkYxdeul7CUBHI3za2RPab4zDIVNqRYZqp7thKx6sF5dWaiLObZtgUq69s59FMCWu3S-vVrjW2N5XCLU59SsG0_4OIjxC2qHUktjWO49Eut47vQEIbBxDklji2Qqv-eg5eGPpZ4RVzqPAE0ztKhWdx_jyXY96GYq8OPl5i2pjci3oAaxyuAeYzoNLLzbCPrWGvxF7SSY4E',NULL,'91b9d864759b027a_1753368672422','backend/downloaded/photos/91b9d864759b027a_1753368672422','ChIJmb6fmJuTe0cRxXcmJY0uM80'),('2025-07-24 16:51:12.397545',9,'ATKogpeXPGPckEyRCobFApwyS6AAl7fk3bqEERumWFsDTQr1eD-oHbwV2XwObTyEcVeG9BkIjQv9yCcs_lgDbwFj09Kv2i14mE4BUfP1dNKnL5LAbg7_av75n8hA-4UCpCuXiGP9dH2yPoAT1Zry36hhTlh9BJjdTmlPNxX5fowMu7s33JlXywidtyPYrmQe0GocZ-I65TSa03lUqGfaIU1rOqQUr95CLhRxpeBBBobF1JZWL0Kcjvn9mD_r3uH8iJ9J1GnObgWdMnNONAwcx1_8dxlz-sFL6qJYcN6u_3JQS74MXtFPJc1hIQlFHclVJ4Sc6pvH9dqIhqnvsZZUmadBjM1xuiwguVpZ6ZodKZWNWq-q9OT5rsMVmGFNKWmx-5Bz8SX2gyxsUzc9HPDBRx8D4qMLRB8T5aXXg-Ayokq5mUUwMuEw61e5x8gID9YwCde7',NULL,'d9c60a57d7736fbd_1753368672397','backend/downloaded/photos/d9c60a57d7736fbd_1753368672397','ChIJmb6fmJuTe0cRxXcmJY0uM80'),('2025-07-24 16:51:12.449922',10,'ATKogpc_FwSM28_gHVAoc4Up5Vus8sTYNSBRUo7FUMgujdMkgNs0ij79--Zo0CfiS3FlUWyiNjSw8AumYysGkU2H4G6lp7blOoH0YhgHlZk2LFSMyKEoqdlhcJDWGElrbMbN4SGcQQo2Hdwdq-SAu9GeQ9VBtuYXuNkLfS22-BBYrL-xZ9Wx8B9Z9W2OrRCI_pwGYx9sKn3RvFGTOjrfuyRpZQtE83RBg19KyqIadR8-x1zrA25sLalRuBVnc7mIwCyXrFxZtTOwIRWJmEr-T-ulcUYPXtPCqCAZHwwkAQoUefTou_VK_vIB1W-hXSHTYIbsk7hslE0l37et8UmBya69wgpjlP5N_G1fvcEjgtqbselP8Lx50gXn6U_OAWzasLCVT-BtFYwzjmW2IaQDghjX0By4_G-IAVmxgofCtUhzf7Q_WStxzJXxLqWOtwGYFzM9',NULL,'6a02a6034e20041b_1753368672449','backend/downloaded/photos/6a02a6034e20041b_1753368672449','ChIJmb6fmJuTe0cRxXcmJY0uM80'),('2025-07-24 16:51:40.358289',11,'ATKogpelQm_8-i2BszuRcXJ9D1muBJswwBsYSHSViqwdt-GKjI2wftM3h06ipQjgy1QE2jScxvXt9cbFErLSt-BfNEsL3qqRA4joOhZVcSjqvqr6cBWjGX7_ONyguxbMUJkmOz5YbP4lV8UlsyEFNLblqEXrzPmc_B7mWKhspZvYAADMI9meguAMKidehy1gFy-KyDqHjGxqHrkFMl1tnMyuLgss8NavObcGRtMeq6AC06hKmY9btBN1g5vhOoYYIxBuK-TYyDnWO80LmBUat-kFB5rQTubo_0_ZQlrooYxrVuBXZgIZRyxI7mg-j-OBMq5xu0eFaYFZ5PJgn_Ali1eVeBTY3LWdUtwNZ4MzrS34lWDG30KNAb9uwBAVEbfzyC390OjztLLr8te152UpvND2vkRqyaFZmSaTO6PoYIIGjiE',NULL,'7ce07d7488873a89_1753368700358','backend/downloaded/photos/7ce07d7488873a89_1753368700358','ChIJP6kN8nbqe0cR_IRS4e3wy-Q'),('2025-07-24 16:51:40.321198',12,'ATKogpdVM_5lVJQ-uMaY3Yshk_vs9KZQ7H42opEtMDYqPK-pTnkeBiK_Q0h-u_0d3M1q-CURYOXDtQJOw5yGrz89y5j3WIp5lij_Zm-3U4bmzxm5hBXuI_hzFDBRxBwOHLxnKxXYrIpekRZnKxDuCTfDr4JsxuKjG_szZcMoCrKI_t3A_jvEdmAynsZT6e3NRHmy9oMtMGzzMJdcrpDlvT4KhzuezsOSz9rPW8kbssMtoYdqMxjjOu9M9YtbMV9FMcKfXup6hvZBDmQfFQ2GmkACq7LQr5lnVZC6RF5HfN9UqX1zgQ',NULL,'2e052fb1bed9295b_1753368700321','backend/downloaded/photos/2e052fb1bed9295b_1753368700321','ChIJP6kN8nbqe0cR_IRS4e3wy-Q'),('2025-07-24 16:51:40.412053',13,'ATKogpenk6rS73BD0oBK3ixLSoLBu9w0HDSHVS90mmM5bM-06a7RNbc54OIo_C-wS6Syxb_4QMxRj_3bNbzuojRiXXpk2vXB4bQvXUvghbhmvbUEojl37qF4qxxSC1_IQbLIpkpdhCM6XfaHp_VCUCpDTHnJnEHcryoQEiJnCsWh_pnytgouRFfRw1-0bKS5Pvq_-ZJTWdXZOZx91ftbnqd23HWTJQOp_4qnCfKaM7mrnz4KGDz9ex9MqqgwYwYST52yE64obHzFWU7YiwTYdQVKI2ROWmLG_lJP5x0ETQx5YrxX8kPNfIbH4LaxKPrlhpgY2Rk1j6YZ2skxizMpnDTsuDsHszbPCEZ_YE7dbUJN7aAbOB-C1yrHRn97PzO9Jx_9_vcOgwPWIBid4i1l_7FS43jHCySv-LQfh9dbr-txhNi1Cw',NULL,'8d1c7b944953817a_1753368700412','backend/downloaded/photos/8d1c7b944953817a_1753368700412','ChIJP6kN8nbqe0cR_IRS4e3wy-Q'),('2025-07-24 16:51:40.389029',14,'ATKogpdgm1tWerRTAJ5GNRo9a6EcI3DZh9EZiX_MBubJT-lXv6bnxSzL0rl9GeuFHOM0PavQk2npndvlzJUAxBYN8ra9lXQq8yzYfElJhTqeEg5CojDXAKCP1QcwNq90qph__kOJlJeh_bE68Fi6lDZZnauAS8oUAh3ba770azifdMr8qSbPdbXyYgbzYCps2OWy6hAFo0c5jug2wovai6s2oc6yjuV-CBaipMmWpP8rGvkRXmp1cnxFxMAYVllbe4rAII0SADrfJk-FN8n43sB7zP0kKKgU_8-Nokc3RBYEwlSit3PDPgLyKm_Vmu_YOWio261170B-Cs29Dpx32LSAJaii996d4BmPQ1xUdi7J_UvnfPn4agswGPhBaTMLgz2YxH25ivQ7PLrFFqIf4kkZKun5g8t--iaVnrLRMD8-dAz8nA',NULL,'4e3b3acf2f85d981_1753368700388','backend/downloaded/photos/4e3b3acf2f85d981_1753368700388','ChIJP6kN8nbqe0cR_IRS4e3wy-Q'),('2025-07-24 16:51:40.435611',15,'ATKogpcLVyT8DduyDlhSJ0hvG5hFHPTUo-cIsS8Bq8bs9gwGUujkae7GcENachnEqG3J9YRhIehr7Ca3wSlZMAkBB1hnoygiLHI78_ES9NkpCvydIFQuJj3wgPu3BiYYUIPlapQhW3uPLEN5ZT-d6TbuqxIIpGr0SX5atbV3CnuDEjypjcp_bcW9OI9bFO_oQBNIahNdRLGNjD16RbVo4LTO5CVKoHpO6dVzY6tZuG0POT6u9pmRPC-fPXQ6Ty3QYQzrn2DNQJKiKVERMLRrfCSi62l0mpRrcXTu1J-xC_lzBD4P0g',NULL,'c0957561522ec720_1753368700435','backend/downloaded/photos/c0957561522ec720_1753368700435','ChIJP6kN8nbqe0cR_IRS4e3wy-Q'),('2025-07-24 16:52:24.495633',16,'ATKogpe10S9EoXpV7RAxBoFpcKjsqzP9VlMUbRDBjFosMVlCo9HGqt_4P9s57j3DOx-2R3Awq_Hs-wWqB4C0SLSlFgIzUUgNrnBKOpGHqzb-xTpts8mktziet83rEQw8hmMNPY5CUdAHiIje21kmDdSfzxGYAFWdVgW6jQ649Z096Xw6Hx6M7dTw3VN-WGpCu08ZDkLchqis3eNbEhkq2_wR18CDyC2elp7TkaQiwpZGSKxavZnZ-ofTp6rXumbKPPJ4-GWqCFxoG9-IXw9zaxnKcTQ0qn6TztFM8A7xzYDU72RehQ',NULL,'ab04c420fd20f0b5_1753368744495','backend/downloaded/photos/ab04c420fd20f0b5_1753368744495','ChIJDzEdJWTne0cRpT374m7RdRY'),('2025-07-24 16:52:24.537061',17,'ATKogpdX8rpsJ9-dcpxSPspFMS7O04ekdTGQcrAVJ9jZsBg38rX98mqB8Qz5tY2QiRLtLihiFRhk9lKAAVHx9Y_LzIXq3mH_LEjwsrXjoZYkI0T9SqWpj9NIUUk1LVQVkz6QwthRBI5odtXAPK23yNiU3hazv-_9jhUlZIo0gIfE0SUASD73W9Led7DZmBh3UemUEM_i_KdSB10uZ3ebOzdFNvHdpGaODtirGJMyhHuFDO-LshAIr-h5A_RuxfacywAooDTrLy1LDVGtFPFNffI4BWEI9ysrecVXoEznKBbJHNiLVg',NULL,'f7edd892f90d5f0c_1753368744537','backend/downloaded/photos/f7edd892f90d5f0c_1753368744537','ChIJDzEdJWTne0cRpT374m7RdRY'),('2025-07-24 16:52:24.560062',18,'ATKogpe5Z_kSRWtLL8oFcLs743s7flSo1eyonSw1EiIOAfOMrZSjKm5mazU8_X8D_HPHXUfhOPbNT3I-ncn0KiVmw-K0k-RbsvEgNWLSJWxkOdq9FI5IiO_zMEfAk2xbNkJQc6mQoV_kCP0XcYHa0pHx1a464LgPWCoOq-xg3O8VOW05Ah8_At6UutyjUTkT8AlyTZQ7e1mpFy_lpzp6BwagKrmbiRFQM3mYUVgQO2jNv4UauDklYS5_kL6RpDxmEwoI0HTSod7657dInwvYpKTnZhcHcYdsjISTAXqV8d3hPgQNAg',NULL,'58d48712722b606b_1753368744560','backend/downloaded/photos/58d48712722b606b_1753368744560','ChIJDzEdJWTne0cRpT374m7RdRY'),('2025-07-24 16:52:24.586043',19,'ATKogpfkjH1it9CTdqRXpjwPOuD3SxvJp8pH7KF0Zd5Ue4_pdIjb68o9xL-NoBO_Yd1fOAIVmMJrWddyYqW1kk9lxUT1oNtYImtWnNyLOzh5spCQ76A-QDenmICDbOKPoXaaUBNWvYOEGaEC4ijF2WXhjLYXLyoxH6s8BNjXPNdFAlXx9QW1oBASRhVetp4dePDKW1PM3Ck4lh4AYbMFT_lzRjd47DYCVecM95v-F8AqlTisyQSmix5K4dVYAGYusDYd_jL9iFgG564q22kLir4Mp2Smtq8io9NC75lfb-9A3KIjUw',NULL,'e68de71cc8de6481_1753368744586','backend/downloaded/photos/e68de71cc8de6481_1753368744586','ChIJDzEdJWTne0cRpT374m7RdRY'),('2025-07-24 16:52:24.515865',20,'ATKogpffcSCYG6f0Hy6RFsk6sBtM2xy3v1k0zFJkaSkvERAJDvSBKF7QKIryPTFr7Tkt6qxV7UYQ73Pj79imvihNtMD28CQI55hgKYtO4askcTMNXd534cXbeyoQKxaVqvrPUQDsVq8S3S9jTkO_pPGnY5hbvPF1UMYsfgdTwX2oAJ3KDcoT2lR3P63WFc0Bm_530VHSPxa_GCo0VirW3N1uuAkDwDpokooXX0ppCUhj8zLj_oGmgNLhSwoyVUfKShmc_PhFga4QcEKZlsDlRhArDuQN7mfFsYrfAegz6bIS0crxrQ',NULL,'7abe280ecb472a92_1753368744515','backend/downloaded/photos/7abe280ecb472a92_1753368744515','ChIJDzEdJWTne0cRpT374m7RdRY'),('2025-07-24 16:53:02.463292',21,'ATKogpecaHKu1xGDW7heSGhWb8xhUzWyZrVBb_MJkY52-1bQGGVukVF6vq1UfBlMCbuc4s6taDyDDCsQiNFaTBZRKv5pAmubWiagzGC8WkZE4k-ABp3cFz1z9fFUQ8BCwz3n1GFzGReIsL3x3ooAKE42jhzxWi--tc3oeop30IOiCwk7n9gkE3fM2HZgrELYyIFC1WzuhIMNDqm4zfjFhO-pE86Jc_wt0pvUMWljpDd3MtyTt8nQULq99cUgFoWYfkBpTraVsraBn_-lVSb2gGeyUVHShY3vAlpua3M3kH4wvDeE9GuoeTr94vDEmtwNj0JLi9BcNx05pTv5SMron75GLXdq9md1a3dup-06iAZh0KXTiMQ7SAYk-Mawu7sgVRa8UrRF3IdCYkivbRKP1cgsbxnHcLyns3KDOJ4iYq_JXTe88VHdlsLe6WiOJ0yd7A',NULL,'7a9e84ba17352d58_1753368782463','backend/downloaded/photos/7a9e84ba17352d58_1753368782463','ChIJTf9tskEIOxMRZbTH0HvMoLs'),('2025-07-24 16:53:02.511273',22,'ATKogpeWHcY6b95KSczCG9n4cZAwqLZCuN9-894rtYl0aKzOZJQViTgS61LLllBwuPHPHQ_v1zJuUnziFH8aVEBFRrr89lXUDUj8A2C3RtGUOs3iTDgxdBr-YwisZoLdGqpjfXQDgSjme7Zs3W_i6z5hgt_t-kLkdhJbqElvKIZgB6vOS9bCyXo_6XFIhRUcb8EDn2SwCtNBTwFgNpDbuFZuDxo_WmYePzdDls3vjNT9qLcv0bz94i0DsaafKQqdmvsNi4WQQ1bhhf9OvnMK16F_BUIQwW9KyChzKAFtbGH6jEPqeUkYq77YMni9riuD8EyuaAVWD0rY-vVgPdzNF4HSkj81zIuCOHgc33qvVmDM7bym_z9tIwbkGOeV6N4q2D0_251xMIaMWhcmblXyLprxnlGvweU3T5nFLXX7SJ-gByz4B9iIq8-StUu_MzmrGY1L',NULL,'62db65c0bfc25b2a_1753368782511','backend/downloaded/photos/62db65c0bfc25b2a_1753368782511','ChIJTf9tskEIOxMRZbTH0HvMoLs'),('2025-07-24 16:53:02.438002',23,'ATKogpcYBRJn8mpWTl0U8BgkqMAEbIbXiaZFL2gU2i-UN7mu0BewJMkpBIE4K7wKD69P1_3wJAYMsCvkF_tvgLtxrv0jgHSPtjVCaXU34TGlsyci6fGiqRyXrkN9EIuEZJPu6oMVgCYLlb7RA7D5v-XCi_0CBCGlOy5Vf4WGnCuT9kT_ImgsQviWGevbVj28o66GERth5CCFFqaL1FwTY5wy8fTebiyb6mK0HjxXYY1HxdFxWzLLTOb4NuKTfSeoc5zRgFXEzKXpycQKO1mtBgTbMdm7dc3DT6zJIOEeQibp7VQ',NULL,'246355b6c6999bf0_1753368782437','backend/downloaded/photos/246355b6c6999bf0_1753368782437','ChIJTf9tskEIOxMRZbTH0HvMoLs'),('2025-07-24 16:53:02.400368',24,'ATKogpcMHeaT9f-0H2DqAUF8UfAMp2zK8KWw8uATwsF487H1ea6tcsg1ucLfQSHbHFgajem9gfBpDdh6JEFAl29MnoZyuvrLMPs75RYulZKPWaoIA7Z4OSa_AoXwF2bNU7e4zrS0P5fdBXmKoJjPq5CUXgqb0Uo8CMSCEQxKxwDMO8HjQJeg1ZthT7UQpqPxY0_0pL4NOOZYXeYd8IqLTwxfh7bgQHHemLbaQ3DpXzExdIEReCtQnXznMonfEkHzyuMOuQrmV0vCQkWAZsC1oW_7Uk_06LXuonadaEZUODSRh9s',NULL,'c208156909e42bd2_1753368782400','backend/downloaded/photos/c208156909e42bd2_1753368782400','ChIJTf9tskEIOxMRZbTH0HvMoLs'),('2025-07-24 16:53:02.489318',25,'ATKogpdg-jxWVjPych8ONw7BlIrHtKe0iTk19AHCB-I-4zuKRd4F--eDy5MynkSeRadGEzRmhUN-n49hu1V86e0qD4-yuVRlo6er5bwhmJvwBrBfyICP8A9CE5IOm52bv8ji0kXE9fPfr98HpPmFRt4GZP0N-VADemjHVUyh5oEWaRyTJsmi3WgX_sGWx6DGlDRotXlTCS5_YIYbOuWE9iYwezBtLOmCu2tNUpqHrij4AkcbHOkPIVpVai3yusjT6hQBVrG0DXtnd2R9rAnZg4_D9D1v6j6Ss-STYUpeW5AXojA',NULL,'7d3674e328ea0e18_1753368782489','backend/downloaded/photos/7d3674e328ea0e18_1753368782489','ChIJTf9tskEIOxMRZbTH0HvMoLs'),('2025-07-24 16:53:34.799836',26,'ATKogpdR1YeBS2r3H1LNFypfnWps9LKHqrnOxL_bsMFx5dXe_6d5V2V804OuYW2lcaHAU87405fQ3-hGVmDjNfKBkEGhBwXy-RsbQJK1slJeRryZLFqrMQcHmgxp2PYJUg8Pw7arpS4KX8mk-s3OeCBpFyjOQKUjqagefyjvow7Al_42XGHDniTmrRa0i5rWJO9VocDtNUFP_QLmCq8dqWGPThrmRSzM5gQfe8VVTElhQ4abPzbr2udoMveennCr33cohQ9UOgyUR4woNrXicV0WsWljKPCY5P-ufqkxAn5HBVD0Gw',NULL,'52393f92d54f56f5_1753368814799','backend/downloaded/photos/52393f92d54f56f5_1753368814799','ChIJX98BmT9VKhMReqQaTWNjkvY'),('2025-07-24 16:53:34.826278',27,'ATKogpeaBpRM78jBBUKCi2sjFFy7c54jBYpQl8XRsUz25zBzXqU9J_ncuInVMQxtkL2_P4cyfwhe2TXW7uL-skkYdnW0XHICFTJvCMSKUJ52qbs1JRMUX4sW4K9qwtAQ1G7HVxaThZhuvWDw8eWWVgeENj-rZSehSZRmUM6iD1SyFmyCWU0dtd8Ts1vl7ea4qQEBu7D_s42TD4JOqFeEF4OKT-krPIfBR0NPkogEQ-Qmp-P7OZICOfnxDpXCowFjEcPhE1_WTorsD8H805yfJkT7kKepbkrcpPQ-A7La2wJX1e3nBw',NULL,'b52dac1e14ad00df_1753368814826','backend/downloaded/photos/b52dac1e14ad00df_1753368814826','ChIJX98BmT9VKhMReqQaTWNjkvY'),('2025-07-24 16:53:34.775985',28,'ATKogpcGD570XfHTIFrw9s9XImf2Uc2Ad5Z5uthlpki6xwS7O5pZtPNIKhLhohRgnah5lM7weVce_eX5Qv88SE7ZZQ2NBh5JosxokAo39EZL9i251kqD01M5dI-xFWeHVKI0svs9gvnkRTgWRwMJz9mi3-P557D-wsCdG3NWk_B18hwp9xd00PkCNkVRN_MVn530GNpL1sewP759TtD6VZbtehzCJxvpVYkVoqFM4xRQb7G7APNl5Z87fge4WV4mtg8QxpEk1I27FHMRTVFqvtziQt1DuUqvo94bF60Hdlv4MqeZnw',NULL,'786c7996c6d3787b_1753368814775','backend/downloaded/photos/786c7996c6d3787b_1753368814775','ChIJX98BmT9VKhMReqQaTWNjkvY'),('2025-07-24 16:53:34.842845',29,'ATKogpclFzHeLDJhSBP3ueWd3Q07OIFBcrkqOltxkIchxpQudVVS84j3IYrCbG4B2bpvCxL71TPUxv89hfDapL0FgO7BlUSurTNGXef-1cYw7O98skFpUdSUP9ptyD7CNhoZ4xw2ojv8XgZYQvdn4H6zJkjZ4TRYUmE-DohAtw56lAu1xUNmdeh8zPqhi1SBllZ9SnPTzGI-h4uQp9UAAlSADdxTijBf3KsylgU72aF5ut9jleDVOCliiYFAM3RFcwVYxv5ZFtU7aedQlwc4iUQYV23KsRsazIkQNvOkuIh1KEbGAQ',NULL,'ccb0bd7b603ccf1c_1753368814842','backend/downloaded/photos/ccb0bd7b603ccf1c_1753368814842','ChIJX98BmT9VKhMReqQaTWNjkvY'),('2025-07-24 16:53:34.738549',30,'ATKogpdCWj9Ecwquw51wpisN4-lUwk-8NrWezx4E1SOCepjibDrxHkfKaC8u0qQfUHDxVnWjmEC9CiY6LTEeXnERqhOKGdZqlM1gONP3nnti4owPnrInDc4U_grVh9Pjbnp8b4frPmZFKfMJakK-8avskNnaB0MMAayumhwvM7wn5cW7CzhhbEyz9hUGAmg0U-HPujsuYIy4xvp5IVUss67A0BodVqEKE6Z4i8VqH1g1TFnSj21hpxGZP3-kNfmZ8Abzf2BRrIjKiRKmr0EoqgDxqqphNjtp8oqb-Wjb5YQ56G7P7g',NULL,'71cfde2c2c678c29_1753368814738','backend/downloaded/photos/71cfde2c2c678c29_1753368814738','ChIJX98BmT9VKhMReqQaTWNjkvY'),('2025-07-24 16:54:36.247250',31,'ATKogpdvW3pDGAjmR4qqJ9VmaZRDhVV1lSyYEZNRCqmRk4YTSEklN1i22GgO1QuKMaBlwufAdekVkKBQWuVAxJ3vmYcyYzMFEytbzAP6MWTXBNysE8cbpnhSwt2K2EzaML-5CVWZd5tl2LiQhe91ZDck1MJ6Xs_W7S7K9U_or7ql9yJ6yUfJwQ35mVs6ZAT6RsPZApS8fL_G0IhHaND-c3fI2mlHkuEu-m_iFV5uCyB37x8KrNYj8Jh-i_qgDluQrXAoAO-0tWSMl3xEVFt1DvKY7bJ97zcuZWNam__e4CsUXoCyd3DeF6NaIoDZpZKEVnp1BcBcZak9MbrtF9WL37T2Alw3YGazkyojeZgLRH_haSTcnL0XP5RpPGP01K_cC81TZYhF9f7wSW2wObYYANM5g57naK3NKAqnpojf282JH45a84eXijcnulJSRx06SqVI',NULL,'5bf3789bdb505a9e_1753368876247','backend/downloaded/photos/5bf3789bdb505a9e_1753368876247','ChIJE1L9XHRtiEcRq5-2iVBlfHY'),('2025-07-24 16:54:36.313453',32,'ATKogpeyMU9R7gdwiQ2wwIw5aNeJ_ZtzOXR_AU2IcoKS1h9vZQL-ilA7VNqO4eX6X6ZibauRWFeu9mDbrBA3BdZwFiuh9QAAyIRAoPA8mubGfGaEQyTAP_atgP30CEzAHupwah1ZpdIfbk3junzFnXFg3UTrWYzTAv1wKJ0Li5md93jrEc93OJLJ6PTzKEMFvDPQRHy2sifEoIPmkXHxSbIwO7AbGiJdAg-pH58TSoATHvAqT4QDWA6kJAo0aFUbnsKx3HCs2MovF6m7NUEAEVS_rjg11sfkUB9O_mDhgHwMWw6WBDal-uMlfScLLanqAiqZeuMuIXSEzif1sMqexmOil3hLi2OsFZAHZdIx5MKNU1Y27GAxfmvWbSNnZh3W_Kk5KSwfzQ1M6yRuwLv-GvHUDevuPgHYCGfmj0tDQ6Pw-vk',NULL,'a2a509a760a6d178_1753368876313','backend/downloaded/photos/a2a509a760a6d178_1753368876313','ChIJE1L9XHRtiEcRq5-2iVBlfHY'),('2025-07-24 16:54:36.283089',33,'ATKogpchiW8zsCJWRGIe7U_z1NZdj7JcnNNRIIcD7LeeSLO7QzU2B_fz1pI-UxaqcABC9sdjAYMvH1X9QdCCoRbt-O1csWtmVJcfShg7GcctcHrwWV4DZ7lc9Oq48lsz3jD6IqKKUxUwFV0_6WJ5--2HIxhaLg4X3UDo33iL2WN0cO1zAkXkS-kEzLcSG1oMm-WaSN-JOd6uKe6a_6APwlOWhRG3BQiu3cr3-xc4VYdbZA8r1JID7UPo-ej9obEagH_qui7reNW1ImP91b-znN1gXZhqzgZpLpJrL9MpFcLB_wcNTkchydvYJyHuHmBTuGVTBc3F0xTydrqm9Li7OJsYBZ_QytTUHXkJNVv8XpQ_AlcMQdmrwTssraItNhmAOAaarJ-amMN1uA5GCfuqA_W1ZWqrglgwvSuO9FU7LRZvQu1jvg',NULL,'e8765d38eb1bdd0b_1753368876280','backend/downloaded/photos/e8765d38eb1bdd0b_1753368876280','ChIJE1L9XHRtiEcRq5-2iVBlfHY'),('2025-07-24 16:54:36.225738',34,'ATKogpcx6b87tJn8C_ZYgTQcSxx_dU_c1Yj0oNLLPOF674NiDJUy2OZPHwTKWX1VAZPWHSQ7NihcirSM6ilBJ8Dok9jFvq1DDIC8iV2c0gKchm2AYn4pZGZ7Sfpyob-wwB0G1BBCY4FJSDAOzi6mT1rjE45Bk4osOcyxYuCKTZSJE7ulo8gKQ2e-RtAX2eooAmFuaRrNlrkYqhIG369wbHBJX9iycZww_ige-BjzD_l2VLvYRIGMesqL6IBXxj8Rko5BjXrUs6up1PlKe63O1dgGeX8NHHTqdCDuQ1p0ZP-dSfXZ396pZW0yFyjwS1Cv0PnBMpF4AIcha0DEIU1aNopjc5lCUu1Y4qfYgJyKHy54KQDhfFBfCssUYXhMfohzbCsXtUtkNtiwdPG3Kitl5ESOP_NuVuRE7ZN2tTdwKbFLAjj8OHhe',NULL,'7ff3bb9a7d6f15e7_1753368876225','backend/downloaded/photos/7ff3bb9a7d6f15e7_1753368876225','ChIJE1L9XHRtiEcRq5-2iVBlfHY'),('2025-07-24 16:54:36.345767',35,'ATKogpfcqvFBDnOKCRZp9VN8zqXw2ox2-9t8pJg6tNd1a1RW87InuYsM_fYYyKZOKSfnlA5rkB9L6WmYmvuURHgKfXp4pzT1RoTs-O_gRMIaCU39XtGMo3ys5PT0lm3MUhwOxHCvId3dy0WHyh9Zo2IlEWUn6SLXbozD8PX-z4DANS_C959OejLbgDYa5ObDoWaV6eSH0MrnLIK3UlRNEZq9JZsqgYdu916vY0Gyh1b3BGz844FmfkL3JzuZe4zoirzRM-BI8unW5HFTuTEo5a9c9fPlk61q5lTzzd07cn7ub3mb4OSj07LtC46b6ym5N5CZw2rD4pSldss4KLCG9T8St5nmNcHUn4agHGOPIKzRHlZ-oM3NpAkLAlfeAKZ5Bn80bK5BJI7XPjdTT9K30dxbEuJHSSyDOvw50coFJsd7ru1Zgg',NULL,'27a40c42281f6038_1753368876345','backend/downloaded/photos/27a40c42281f6038_1753368876345','ChIJE1L9XHRtiEcRq5-2iVBlfHY'),('2025-07-24 16:55:13.686970',36,'ATKogpcJoM7JYoPKvEF2oVNuaxlhx4URe_CgRPq8tpZdIH0Ba6fAPZCIEgAq6aRWTiwtgBl-Mc3nbcwQcKle1pVZoEKYrtfjhiKkf-cOzomGze2YbevxFcOIWm4GbM2NNuGqWNCKG85Vi1_iapY1p4X7DWbfiFoMvvKJ3o_J-nx-nNnCLIJ6fdaSaghfbGpX1CucTSGJoG9lVxPnwXbwr03EV7S5mEY4RepJIGiCsX6aLVOyEJ9MtMpnAMOI405lPtv4-MZLhovoyzo3RgJM-wBTLAyLVmv9BSbShRY0W-wD-g2VVg',NULL,'04b3bcd39c641f06_1753368913686','backend/downloaded/photos/04b3bcd39c641f06_1753368913686','ChIJjcBseK7GhkcRHlZ7PBALSOU'),('2025-07-24 16:55:13.713680',37,'ATKogpeu6ybITK9Np52LtKHKmW7ZvszDTlhDCF22e0HW_pJjop76SDnj7Q3US-TEEs0lHyztEIYLG5XZbOcijLpGY82wNLu2sRoEdMf4d2Gc9ZjQzP8kD3uDX4wOQlScju13JnmbjZPPCcLQp-WkyKdPtrpz1YZyUY89-8XoIGqQVSS9mxS0rkgBhZkbBzy8krGPiCn6BRfWuArdDDwC5K2JerZf3EKz4Ahq5G8lxlykMNvI45PsK0S9Z4caeYHylTJn4tFt51wdJnSYOVC3biWly-pzl6ssVfCU8JkPyft-TAOMuobA6lv4i9RaU2kRgIye9fMneeqEbNm_gu-C_E0F7w_IQaqqOg8Sr40hb6VBFk_qKOGPP3G_8q3rAGUvIXWUDauyMKtMaOH6skESxcssYAp0-TBEA2aJMhwr7tUQhGHgl7onSvq0NFEjQCxZ9s_x',NULL,'11ad1a0c86d353d2_1753368913713','backend/downloaded/photos/11ad1a0c86d353d2_1753368913713','ChIJjcBseK7GhkcRHlZ7PBALSOU'),('2025-07-24 16:55:13.772700',38,'ATKogpf6RRDoc98jDylsypEgxg-2sUEqlJWCYCqu2JuKfzPi5qrLNRqaAG-FHYgwSfM5-MzXPf8YLtd1YMnlPi9nD9ZGmaVTVJGv-XMef1W4lWDq_u6iUDq1XFe2Quj3W7u2fS8WMYrs9CTkuf9-Iev8jgRpqXrYPccZntUqMUU6IMKF4ehwuBKBLt1-1g4Ku-XbUO3avKxBVWklVFMCggq9f_DrKz7OvoDtgEJZVA1E4PyrWa22sDd0wpNCRsmvaN6a-T6NhMTLss45DGQOSyczhQdxPJpVMSzgSdoJG6mMkrjLV14y5dRTcIAzC3JqAXaZ68rc03z40VKj1VNz6j4qBZUtQEJrcppYhs5SE1Ycd67dIxdMdnGMhAyaYZzoCedRj57tNOX3jPKQT4lSbB9VZ9t4qriodJdeP8Dx5XIQ7zyXvTLMG3ACvnKxMUWxKtDc',NULL,'8d1655c0efb6fb9a_1753368913772','backend/downloaded/photos/8d1655c0efb6fb9a_1753368913772','ChIJjcBseK7GhkcRHlZ7PBALSOU'),('2025-07-24 16:55:13.803392',39,'ATKogpe-pT8ejD5J07ryzWbVLW6tavVDoMdg8W_7tNbhhBhlvom7d2Kk4Lfo5NuMPFQHnujHdHyBgto2OkT5WC0g3LVVqpGiEeHy_8pkLoaJaNfN_yLVeOTh057BQ5bYYe-mEel_Nnk87ynnNCktWNMhBIhwpmjPT4IBDjrrcW0sYR6LdCDYKJ5I5o-HHm9KMW4LGIFTax1Qv1FZiMdVX_0bSTRYXaf7bnqbLCGrvqJW2-f7qUjBcIWrJmvfPZ9Yh1eLguyWFfBj3nyW1KRRhlLEI5hPfqx3J4yDu8bLPxY-TWmG-dsMa6xdZ4KuVMievp773iQISd4bCOOSzZleEcb1_kEHZhuB09H3FnnZQE7ntJtdEB3j3NhlY52hY_4hCI_p0KNbRteFUcgd78FoQronXbO8Q5gc-mHJeeKFmN7ieVg',NULL,'ae6cfa682bf99ab0_1753368913803','backend/downloaded/photos/ae6cfa682bf99ab0_1753368913803','ChIJjcBseK7GhkcRHlZ7PBALSOU'),('2025-07-24 16:55:13.736755',40,'ATKogpe7zPKWce4dNyKCKKS2qY1kSvOTIt8XyLkLCdCn_R1vyxPwo5lrQbOkAsi0p9FtKmGr627Rc2g0jzKtpKtJ7XZ4eYV4WdZjiVqQw-fDfLWfWI8aBL3wm7yl-6CeWuJpqRHKlP44IT0FXl1LF5mXNJfU8Cpoaa6tjqntux5lT7ZFnz0KiRnjuR0RvNDSfMQEC_1o-wF4HfWyG7QOXUorYaou6Pke22vTYyhoEwCh2PN1jKuIN3RybtPMqfECL71uk52Kn-wCWwT-LgOVJpl6cS9BbVFKpOrDckdfWJIxNaC-5w',NULL,'59cd35098945a9f2_1753368913736','backend/downloaded/photos/59cd35098945a9f2_1753368913736','ChIJjcBseK7GhkcRHlZ7PBALSOU'),('2025-07-24 16:55:40.940088',41,'ATKogpfbmHX-D6j5yHz_lpGD25O0ZZUJn4-91Ee1vNCNeyKK3WPG1VGCdEpbInDsUTAD33XhLNHxwRyd7nFFNVDQnBPMJtQqz42UOKr5pEfXjaAqlOcntAE4_r_6dCk8GV9-pVtYcbnLXcilofifCxpAD7vaw_7q_pBrZEw2vFNd_f73OBRI_ZkGo4Pio6isWMgtwpxPC903uDBvIyxBQLAsLOXkQoeatbbqofka3sVX0rG-Q50WCkMYo_w2Qmto7ov4WgSYvEdXMvP4M54ZrU9b4ci7TCSEVuQwsI6k2QGYL-V3awm3nChBCBEoQd5ED5WKvuCcAWZXe_JGsNfC558wWf8IaD-ltRC4pOSbyJeI78yHzXrhZJAR3KaW4CD9CjrFdkbvxQH0TYmmLgNQ5CFX39gr-E-I24wFhEch7ecG9etCEw',NULL,'aecedcd4fc4455fe_1753368940940','backend/downloaded/photos/aecedcd4fc4455fe_1753368940940','ChIJsRJsqYegLhMRf_g7sRzBKtE'),('2025-07-24 16:55:40.922468',42,'ATKogpeTtk56vy9EyM8bokwAzttrQe_ba4tu6qPVDS1YNNi6zya5cBunN75MzcbGFXjWQWiTS0DwWT7qwFMhETkXCeQJKx3FWNrpEqfhMCzoDqXN6zPZTnjlTJCh9cjI_tJymXfEFgYff3kVU7n5eP9dKxhpYkapJOqRoatAZvt7uns3SlvSig5lkaCL-xDgVx_AQ7sLIMPXEuDnYhzqOqNgU4t4gGxyctBIIxiy_nlzw2AgNqnfh4f9YGWBkHrkSmepP2L0qkWpnRZOxfKiB02zMUtO9t29cucrKyVzifMFOmhHzGta0NK8JsKR2mZtA9ryRY5MZ-GG1Jq01ZnvWXtXFbC3cuPiD2VmsaHZslpvGKZnUHZxYKfVdQJSYBlboiGh1-h2CcCdrJ9It5q9MsdEbl3PrZ8niaMAhYRLhcXSuNa4eog_a6GCc4QRecxiLBFr',NULL,'c2c2b6266a9ad912_1753368940922','backend/downloaded/photos/c2c2b6266a9ad912_1753368940922','ChIJsRJsqYegLhMRf_g7sRzBKtE'),('2025-07-24 16:55:40.959113',43,'ATKogpd_6h9dq74GhSE3JDgjSMc_FOB7ae0jdEvt_BfC_JeWBNwmV341KYnDMDJ-0_z3cFci67j4vT3XUkt7PYVRLB-D5MNE1Wx9BMe_nJkdato3M1N2_ZJLCKx_pBU7f--ru273lx2cL7lWnHJ2K6RbwPaqXM21xgCoEnr3lrhdaIt1kCLlFO2TtZ3QMCoCUG-ct2KC14r1J3035zD7R2Z5w2ch8Qr50E-no_TVN4LwTC03d-lhVY6XWZtcH7h-7PifYHCEDJbDlpTV3AH5hwB019YNswcDcMoz2vO3f03iluJjm2FJL0rg96gE_VbPpBPdWK820O6il3gJhi_uGhXGrnm-nGBUA4CyqOFkv12kWg4Ajk8fUXcqp6cfJt14bGK-8Bn0hNL2IHItQZ5Iu4JrucV4tkRQN8CwdFYKA9YL6dsF81aX',NULL,'a7ae5591865c407c_1753368940959','backend/downloaded/photos/a7ae5591865c407c_1753368940959','ChIJsRJsqYegLhMRf_g7sRzBKtE'),('2025-07-24 16:55:40.897104',44,'ATKogpcMaYf_hTmVSo25VDrcIJ2ntofkabhONL7zP-X2RwctBZwDfBfIWeQE4mPeSM9qeitl8T0gcu3wGX2GlGE9ZLsQdoWMReLc2y1nlcCu1rT_9pIad_tLTzqDoDhs59rDSlJLNontY0dLRIKD7nnG-BUpN5K84kmX01TKI480zKZRc-mWFIPRMTCJW3C6bEo-cWuvla3kd9kXkjEMpl9aN3P0PwiTtYVZWNNLrvOWhrojnR6CL0h2eX867O8dQ1eITSc_wstkmAdmmwbNjemKOSL93LnPrfVWgEnRZmG27NAczQ',NULL,'43dc8087086a1d63_1753368940897','backend/downloaded/photos/43dc8087086a1d63_1753368940897','ChIJsRJsqYegLhMRf_g7sRzBKtE'),('2025-07-24 16:55:40.878527',45,'ATKogpft4Y0wGEVoqzLT5gDNDVjN-Rp6IaQksi3Y4HITvSGikGpxQX_yls1Wuc71cat0s_nuVSVvA84hdvBfx-N7FGHfKw7-y0IGtQI6IwQev5hahSGtImwbPUzU9VCCNrY6FY4gCY3ciam3QPXNIkJRq2AZHEP9PoRTwCM7RFkWgJyo4ntXkCDengNnv0VqVgVTzotkdhBE0RVemN8By93scsyOnuehEGJ9TlLdcoEzrKp0HPRK1GekiaFRNM-iJL9Y50-Qp6oI9Pxft8Rr9-7PdYJaCIp_JEzwGe-4uLXziJe_Wg',NULL,'108bd3e988ccc59b_1753368940878','backend/downloaded/photos/108bd3e988ccc59b_1753368940878','ChIJsRJsqYegLhMRf_g7sRzBKtE'),('2025-07-24 16:56:12.443637',46,'ATKogpde7m7C-jwUO3vooVaApqR7hpic7LH6szXngMrC8jHOYwgs4oKc8vgeNH-7MNAs6iXtXopg87ChCu2pWNGFHzGPeEynH-s2HAPR5s3Lb_aHVhWKCG5cYcVpYaav1ESMmC8xQMFvLSRnskQe7SI2OWBEzLzmB5_ru4iU6rcZMSbCNBXDCYif7ZRrq4ZLM1gv2JqgFtSYH6dRdOpfCyC5kHNLSEE0Ehr8qupoJzuDufK3t7v9xaW-Gz0lwgm0g_4FH41kAl7JForLvr9eWcRvS5B70V-YjRVxrMBtGtUKx8ImKaIaiE7IxI8p3slLr8kFyo5GIU4B6c6_VkXbUTqqNqoKfTYj0otaamibv3_tHHw3Rwq9jX-pKPe_vHyYCBtF03nnrdXuwSh4tQTG8D5ZSays_-MWOHdPiXox22Wu68qVvr6ZVkQsJ0wSKUt3ezeJ',NULL,'cabbf896488c5c68_1753368972443','backend/downloaded/photos/cabbf896488c5c68_1753368972443','ChIJVTkQgThgLxMRWM0saoiZzkA'),('2025-07-24 16:56:12.399546',47,'ATKogpek4xamgU6vfHtMNrPhtYrpqeU_zt1Pa9z4HxsiBLXP_v076YO0WyGRNy5TwY74-LDYe-2aajxTYRh99ewp6SEFgXx4aR9TnwBAXyxwNv3fhTfwmnZD-lf01YuiGzZEVyuLbNHzADuyObHLSuxTq2s5_JRSdfs5T6pgsK0tQSb16Bgnh64KpnzKeQAC3EY-kUkgby0OKoEwNTWoEnXA7D7kSM7NGvCtq5yYkjQpw-jI6C2Gky8nWX8RpTnfogA9Yx65UvIqSWt0ntTqAltZbR2tQFOLfoWMtT_3dl_ua4g03FeVsuI7ajBLp4YCE-zHscPfFVWMXsu0GUW_1qwft931aTiqG5AdHO_C0g6o7E37ZOiZCnfd1ThKKDfUgS9JHdy9UdRdVHOrrgcWjVshA91QbSEXMDKhusR1wVi0J_zMaOytZjr0nAsqs53ESg',NULL,'1191d470c1cd50a2_1753368972399','backend/downloaded/photos/1191d470c1cd50a2_1753368972399','ChIJVTkQgThgLxMRWM0saoiZzkA'),('2025-07-24 16:56:12.379846',48,'ATKogpe0y2ITug5VifKKLxI9SWaMn1LMTzZvCPbM-ldggN_orzXPA-aI2MMYFJSEvIikUdLRsy-88KgSBOOm_DFhgdPLhDq-ES6EoSAOZ1IRz3kZZmHAMeLpKNuBeK0oRR7wnKb9dIQz7gbOyCFUZKJXrrJ1nQZIazxcpe4pnfhzRE4cnP6Odj6jBQU8NLaBcOhLN9i-Sh6x5DF9WLA76vQ8N-xC5A6r5zk-PHhL3Gte1hPSNLfkHfn9DJU8F7WgF13jqRmIoJOFDAku8WAHGK6x0k7HRvsw2EMMXb5sb71WD0m_kD3ZklBzlwyLFvv4ZeQ4C_CaPe_j-v65_vfrYkqCX1rL_denk0EkmW4mIr4cBMAjP1gjw1WtUzE1W78LBOuXNSajWcB8jwVza3QRpEqaXHTeAsw9U6bt2G0TgNmXRjk3KePX',NULL,'dc53b08d03d37889_1753368972379','backend/downloaded/photos/dc53b08d03d37889_1753368972379','ChIJVTkQgThgLxMRWM0saoiZzkA'),('2025-07-24 16:56:12.464985',49,'ATKogpf8ZvYAVY2MqoENWsdB6hRYzUwu7NGbAfsyG5cR4JK8sidPBx8PA6VxRJ9UxjwcW6P3L_4PDl37n0dpXSvL7X6SiPy4AJVQAIK7lI2f3M1KZAPqX2S1mf956SThAhOabUzCNhmZq191PY3Quf536iqKiF849v7R_r-k9Qv4xAQmSkwLcMHCFUtCwueLClE5-eGuwXYyYAKY7DvVrrnl26YihUHl5drMaPjAfiauwXF_bH3KFMKISugtoPT4OzJyaS-fvbJnToVLowcacNEOZxU-tSEeu3deqTR_g3azgq5qgkXOfwFPB1YaqTFCksTISfdEk73PnkG2HtQLI68NsoattTc8u0ctkW3rhDb86mj-3pnTkVgvQ01wtqbMoz-Xi8yFWlFoXw2jnDgkCOkgfiG0ePoGtbSb_LjWIOKSxaWOkpkMAw82-AfDDKbwsb97',NULL,'a2bbcfd7ba8c4eb8_1753368972464','backend/downloaded/photos/a2bbcfd7ba8c4eb8_1753368972464','ChIJVTkQgThgLxMRWM0saoiZzkA'),('2025-07-24 16:56:12.421736',50,'ATKogpfT4ufkDa-360ZEoyv_7fWLmTpOoEGFX7Tr_Z2BwW3DFTBBpl_mqpCTsSFBXaRgx489U4ndhZivoTTCaHwimYQ7UoZHWWkZOzlxbS3tff8tSIV6g6ZSqofFoiYCQQYBcrxvQ2hyy7GwiMs_PX_vX2pB5Z6hXW2MNPUmHSO67WAEDNoDAEmqqPIpv4EfKDtMYgPeeMLRKm3Gf6YLMpXg0PswjRC7szhQMdiHibkdNSjDVy4WzNMUwBuH25qR1MQHKZ27yMze19CyO6asXqxJTz2pWo2o4WKWtzSr7sU7DfPPbA',NULL,'8a423fc6dbd662a3_1753368972421','backend/downloaded/photos/8a423fc6dbd662a3_1753368972421','ChIJVTkQgThgLxMRWM0saoiZzkA'),('2025-07-24 20:56:29.466315',51,'ATKogpcRMxrYqcXyK1vNGnpGkCYDfsuHSyCm62gb9iiWGrMswhvbgdnSHarJ2f3bjjJ1qcq3IQnNYBBfVprjkQfmkjLUG-bXLXmpIuzbhZcJbFRfPQwGXQ0ZgVSY4grojgFGB-9SKJxHyDplUVyt6uKqIbpT8w_VPUp68eSEuTDr0josP5fM5RVy3SiwUpuv9D1NmV2dQFkyVbODnURQR5vID86lOXD_8_cFYl-BXvPfZFjmKooNsPj17dELNw2TBQ1BuvV2OBrqyB7-M4sX5XwgyxfbxWZTY_DVlebOQy6XWmz_d3dheI2h9Ln1eTODk5bwCJgUWJjLiJTaIVa40at006SzUOHuqPUbcYrVC4rgMyDuh1WMDD820TcQj5JzZ_HKyPevNKDSP9q-x7STKXqOWDvMCAWaT4yQeZOcyD1W9oKxLIg',NULL,'b28c3e3b5e76e884_1753383389466','backend/downloaded/photos/b28c3e3b5e76e884_1753383389466','ChIJn6aDl1jHhkcRhzHEKGbHk2o'),('2025-07-24 20:56:29.479098',52,'ATKogpdm2PbKeuCiM6Twq6TKZIIaRPtSS3Tgf9VACq3_lYMfq_6wVsOPRK3RSQJXW4qXlfvwCHgYZQVsUFDLeeXxWPcgd953LjkqasPoTLLPBHAsEy3daZ_zezbAsWCT3U921wKL82zo_O17O3SjNUg7EoJO-T4S0tJGqurC04kC3Zmiua9kfFliGoWnyuCai360YkXBq0FwnZeb5A2Y86h8HWENzt1_Y19GXtZlFBi9oIedrgDB0IOnR5-VEi8ou4Urxm9BIT5CKKZoCWjMqQM8RPnDw4jz1hBYPBoTURCVLATyhaYh4S5ltOuE7Qv7WHbPDj9m2UA1xuC6UG3WazMZ0QHxuYOEqbFL5JVnvQm-p2N2qOfpe7PNMiiSkAyfLGY-cKbxunbN3bPQCwV35rupz7TkPobldhMk6OIe5HrKN6ggprA',NULL,'84434b649db2dbbd_1753383389479','backend/downloaded/photos/84434b649db2dbbd_1753383389479','ChIJn6aDl1jHhkcRhzHEKGbHk2o'),('2025-07-24 20:56:29.492684',53,'ATKogpeUBibAY3KYAD-3BLepFFwp2No5owr73EX8bbEf5jxH9oTWRarEuZhee0iHCWj28eALsCxjQl7WaV0EJmxTmN50ZzJFg4zyI4Fdor0VOkPSJ5QsTsG7K5MRH8tjbwfxz0YLz65M9lyY-OoTs2NKY7-ZndKDJ7iC7FceMnWszwArdwncRpBh78ehGiQrQTzyQGyklaIkjw22z4uYMCEVlo4zUHY4vSELya0z31Lvw37hJHHYIeYLHqinfKXTUm3r79m-p0bZ3s72vO8Vozpa9z4BOhST45OufYsHNlgCwQt22bMtjgEdfgtrAECgzzfCgKQuUiqk54kOISq2qrX_mWgLEOQzxgl7av-qMaI3paVYB4ZR8cIpPegMEfMO7xibH1WGshkt9TvrCYAhUlOsMEfHTWAOWzAfjm243I_AH5b74AkI',NULL,'02e36ec9511df8be_1753383389492','backend/downloaded/photos/02e36ec9511df8be_1753383389492','ChIJn6aDl1jHhkcRhzHEKGbHk2o'),('2025-07-24 20:56:29.446248',54,'ATKogpfGu2bbg4wDkQlHPiASZo3yHfZUTqLb3IZjWLwMN1sBY9EvSjid1YdpXz-Rphwnblfzd1I-yKrOHZ6DNQq_VZsvXs8XePkB8tv8gPI2eFjFQ2SN56my13KStx6fgCkWjEKB9p1GxJVqReu9Z05qPIWs0nUVK-5ZDRjyEtn8MoHAUkWX64DUHLqPptRvM8gr85Nh4TR3VuXLdDOMMyzS0-AepbPFBVe03tGw_Th3I09crlE1QjJZ0lQKk0YPI3kxoInTpncBQKDfwEerdvYcXZw87YnLwZZQ3bVbFefhKKlpW-P7zsellwpukeoHaNco9lwX-reVYfAd5_ZOQD2cK1V0Lp97rXkWdxMnBIZpWVVovXVCLkX-fyepdguIixi3neBVG-t2Cdtf11I_CJ3pU5XtiH5AQ39Yk-ctsG8vY3nFLTI',NULL,'2dcaf90a65791789_1753383389446','backend/downloaded/photos/2dcaf90a65791789_1753383389446','ChIJn6aDl1jHhkcRhzHEKGbHk2o'),('2025-07-24 20:56:29.429161',55,'ATKogpc6t_QUTz7r_7wWESLdfUMZl_98pwLkmt4i7B8uhSE5-hFXeuRim2ldlfi65lPN5YoTJRNIjprnKNM7V5CWtDY8Z3izUXLVvF2fg3oDYWoiOIeKvADHHYzR-QolAQpBdYGiynMiyMNk5njVjGolhO2JzrNxqdYqDzdGmstqab1IOf98mgdNukn9XcxCThBYnIcAHNZ93kO6Pfup3jIAu_JRcr8uvvZ5YcNPvSgLjtxRAy9jsLRya1oXbCtpdBMHNkQjuDbZUjgNW153SOscslVr3viuPxMOywanIxYMPmXS1g',NULL,'3cf9f1a4ced57c42_1753383389428','backend/downloaded/photos/3cf9f1a4ced57c42_1753383389428','ChIJn6aDl1jHhkcRhzHEKGbHk2o'),('2025-07-24 20:56:52.570125',56,'ATKogpfeTaOPL6yUwxj6E4Oi-XE7BHA5mGYjQ1cq-mCtKIKNXwgyVgAVDwNLHnhzk1ydj-dcyNB3ZMw0kx7DUTrdWk8XDZ4VHXRaKVS6j-cOM6GS42W3yz4azVl5_8lui3J-7JJSj9R0BWXS6D9vVe7RsdNqsQMU1EbsDo3O5uu4KgAGmLGToXSTpCMUZwVl7jD7iAY0kT0D1EvZES3DWkLcxDx2ZbeBxpxFtH1FfDGgilUpZHrlGL5V2XoCDE_MqKLtwVfkZWuFYf_cx82aQV8VnZkswyYxqnmyz8BpcdRyMOPglA',NULL,'f53e479bb4b93ead_1753383412570','backend/downloaded/photos/f53e479bb4b93ead_1753383412570','ChIJd1v0xgnEhkcRc8ZQYXM23ic'),('2025-07-24 20:56:52.585032',57,'ATKogpePAy92c4BqOV9XkBpffAoIOtsCKNHnqD01k2YcsagI8MNQbd28v0_I0l-Dwo-9wKGGWiIzsxecBnDaFU5IrMk7jWMW1kO7zr86KW1A6o9ol-xAOfkCJ3mCCtiU-5zDmkBxMsPlEZlthzMapTuKr1d5TVSzSZVaRgaeYgA65RK-FCdmoVobTsAC-7toza5ptfi0JfzaePAZ1ovAPruB_uZHYo6-T6_lJUzcou4B1UM-kUwqPfcAlN54sz7xAfWGmy_R-22kJUWgr4UJIm6sWd3IFaLPmuyjim3zI51hbosvxdI5wpvZpn20EsblkRTzf5LiNt5D5aikIqwZNcy5y5YzkWh40E5vzf1J5O7Zid-HeaWsAX7001qaDGnDgPWtZibtAMD9CvmBAe_ZQOvxVy5c8pXCpYwVu3o0vjvEoQWsz4Jd',NULL,'19365df040ebaf32_1753383412584','backend/downloaded/photos/19365df040ebaf32_1753383412584','ChIJd1v0xgnEhkcRc8ZQYXM23ic'),('2025-07-24 20:56:52.623489',58,'ATKogpeetICRYYAKP5Djrr8WJrAD8vTlhal8Pg-vJDQ_IIj2_ZZvaXlt_OtiII5njik9VS4qxjzEf0v-Jjyxm4N1ZvAC5uLTdVWVtPl9LxphBd77vjeAhGdsqvRL04CYnlQoTscN0AwicBVJwc60vBbEDyklsWoeJHfZTONQriFwFhzl6aa2hAVvbWknK7ywiL2n2HGCXVveapXOMlYq-ayTykumIhrxJly-eMX-UsJlHRX7CY30mWzslPSzKwSU8G-JXZWdsC0nHy1czfhlLPG17XUvfuffBspTb62l420QeoLiKpDa9DVU9DcHlUTdpnfKuhxKrCydoUOegXh20EOU2OB_lzsA7bcMb7Bi8fS1UUEw4VUTq1lGmzZnU83IwuJAdMJJEVVvg84k1joYTswjuQQYR9opaR3WO8pbf2LTPBsPSVpN',NULL,'f8b1701805e8644f_1753383412623','backend/downloaded/photos/f8b1701805e8644f_1753383412623','ChIJd1v0xgnEhkcRc8ZQYXM23ic'),('2025-07-24 20:56:52.553763',59,'ATKogpcbfQgtQYKUOMp3tXFT-g4f8KkPWeV118VioRT988uO-9-QPQgKMClJS7lo8K6-RJwpPW-IgV7mgidJf5QG6rtx_uZrVQSJOXeZOFV_ZSNFz4oiqqx8VkSD9uPMxnvTDU29IYUSzGzgGB9ebOnTlw9upAsKYflK-Ax_zi6Ods6AGaNgJOL3n6nUE7TnLhyY7o-t_8bNR48HwonmV-yarf8VmxTPKlykCG2Zb1r_-ygIlW3g1jp8VS_bl0g48_2awTZ28aRCgajcRVxAirfQAKz9zljwVW449WUjELUKpaVQlA',NULL,'21ea76d97a37fa63_1753383412553','backend/downloaded/photos/21ea76d97a37fa63_1753383412553','ChIJd1v0xgnEhkcRc8ZQYXM23ic'),('2025-07-24 20:56:52.606388',60,'ATKogpfiTxpoGF3DpHWj0MMkPaG3LPNnFZOteThB2cQ6NDo0bOjV6FRyT8hxVnfPtYkGq1rnz7TmvqfZz4efGeUkF0AH6acuEPIwUP7bJ-0g4Y__HFCeekQazS5dvnB88PDd-QWW77Ved68cRRje5vpIcGADFSaLSAUdMb4SCfGljhEGcldQEBdTWY7XJ9tBxXdzWZ4ayRpzh_M8QPZXpSY6LEpbylqJskMhSZ9XoJ9rIxmWGYVLD_qqgiNtwlbdryIKAszUlyCOsMgEn9Hrjl4ok1t7RaYEgJDIOSl3HsMMsrcYRT_bARDLertG5GQHpzk8IVW0rpW2d334Vp9rjA7gqn351pZiCl00-Ynrz2cbitC4w9_oU9myat-ADjZDOzog4m0vpPWzyxZoUjKfq0ivdbHkxwMMFN3eIPdpdPTwv8dyJg',NULL,'6d173a6f0de332e8_1753383412606','backend/downloaded/photos/6d173a6f0de332e8_1753383412606','ChIJd1v0xgnEhkcRc8ZQYXM23ic'),('2025-07-24 20:57:03.510031',61,'ATKogpd8DvkSK2Gc76VTcul6bKsNM8kzV8judXbmN7p3XQMq7qGZ8ETN8GobdYnNHtkK_usL3Bf3sSNAUegzD5qFsA3sIGkHHFyBXX7XQZm68P9jyYn1h84LJB2fi4GBYkUguC74vNYz5JH3w-YDpK0HOqXDM9330mJjhM9VVJ2bnN6EgXIaVkRxx_Ni26LP-No5XGZeQnUZpw6QE150OkxZXvuPtgRSJa3FnsroHdLeJZ2TCJB9cNlxDFD7GSRd6ZDZ3BqDFEHFcx8zLxzWmCwfZ1B8WsjGdnvbTyUOHObE0m4gJw',NULL,'9e00fa5c6110b2e9_1753383423509','backend/downloaded/photos/9e00fa5c6110b2e9_1753383423509','ChIJ0xTlcxPGhkcRPOw3DDFtJXw'),('2025-07-24 20:57:03.549303',62,'ATKogpcxMXwsNHTI80jGPm1fHpTDFn0GwO6dW2hv6fxwSl2K-y22J-OVmY3-_qtmF33s0JyrerTGyV9RIY-jWnQhnE2J_WNnnZEkCXD11G_Sx77LX4FwPTOAhu2HnGrdn791JbuyisLr20IVRGPx6Rpezvux2TTz0cjNeVYcQTdLpCUdmu1siByzqJAylgnsWuiSNcuINt18c1KCmO0OdZxkDZjBK6l9xGEcFyuNiU61v-Z7CmPfp-6PPPOUcnfD7c8K9lkR1Wr5A4Hp6iYHiItim65Ka4V6dvMct8DCdSywairTJqdCE7yi0dG49lo1Mv-3hvGtT8tMfp5mIowny95zxHf0YYKrgVLwzNehpFKfLu8DR6sATEhw_odj2MznBhJm93knqB2584LWwQXA-4nCV4AqwLPgw7MBfhnzrLnyIhPq7A',NULL,'963e19495d21bd22_1753383423549','backend/downloaded/photos/963e19495d21bd22_1753383423549','ChIJ0xTlcxPGhkcRPOw3DDFtJXw'),('2025-07-24 20:57:03.526853',63,'ATKogpcdJuvChAjfIViG-2Xl5bZgIQ358X388bHA8cBc0fonFE0QXK8pto_V3rQ6fKPGqLZnVkv0Sffj4fcoa7yvpobxmD76hQTQvt_PovuWvcgNuynKJYlLfD5HgZmcQIcH-E_BfnjzWBR2K2oirqhDmTe3WTAEBYvLROqFdg56YPjX9_7GZtMIlw5IGDgHo8HHZ4QwZQW_QGXZqvEVh41S4zchUL0vAHLTel793-SJDiaRhe-WLfBOs0jFbK89MO3TgF1YvZqRw-N8fWUF1ttK_nQCAKTeUkHdF8KHve_UOVdV8w',NULL,'d396fc55a7c3853e_1753383423526','backend/downloaded/photos/d396fc55a7c3853e_1753383423526','ChIJ0xTlcxPGhkcRPOw3DDFtJXw'),('2025-07-24 20:57:03.563061',64,'ATKogpcSqch4_3RIlqk2s3BJzbr-OP-Bx0kBtLcSgVSZaeYb6maZXse7ErOO7jklzaHxaer8E45jaV15PrZ5aAvxPiq9IDRg7icoK9vYX9jNiLzJqmsHauRsJTEw6P7HzvPobhqJ8HgzYQHkKpWY8p3Oa-oJgBkUbbD--n6KK_qiApGZzO3MvScm6QCbUrRzBDjFYqahgyaBEd08ITJNvrJhqGkb6HPbEpSNgFJi7GR-J_Rm56dWCnpXlPfbgbet9BDwyGZd-HC24ck0N_cc8iN9UciCYDD648IE10qP0exxi0aeHNW_tIdRk2qI1yRmtz80OtJTxrPHJJfnMf5aqwsHCBnbLs-uUu0-_pYkIDLl8ybTWamwrcJurd4drwF8qe5o-GW7JYT-kWL1hnbbOaxrGUM5k0IaPfHyugjMu_VUXnc',NULL,'25bfb11b2cbacce6_1753383423562','backend/downloaded/photos/25bfb11b2cbacce6_1753383423562','ChIJ0xTlcxPGhkcRPOw3DDFtJXw'),('2025-07-24 20:57:03.491901',65,'ATKogpfldwy2xC2pbqdPS2Mjne1og-6ap_H6rfWJb5D4ng_eQCDF-xpTxc1MUOuWo6Y2HmvDWBaDTl6XQ3ac7Ue3e9SkOhoxYAIxLtBfe3GX6bucTLw1firtJmAlF7uiSw9Q-9Cab0Fxt6k1VgJaTKqEG_kSsCghUXsXlJRZ9ehvtU_LRsPYZKnCmd1baR4A_Elfn1G7o4Vj66OaMzGeaivDlxGCAc6LmQ-S_YTBZ5c3-h9LlKTusCbCOFeH9bDw7r_NcO3dloFF3yZH8vf4sfDgqB1ig4qsZs9KdTulgDkCOmPslw',NULL,'399d4e1a5b0ebacd_1753383423491','backend/downloaded/photos/399d4e1a5b0ebacd_1753383423491','ChIJ0xTlcxPGhkcRPOw3DDFtJXw'),('2025-07-24 20:57:11.594472',66,'ATKogpcjkdMgDh0ZFspr7OOFjsAy3iqUDkPkIgAFb5bMPDUyVY_I6_63UjgRQLJ7xFmTJLEta607lAVXUFzu1ntfHbEomp2WHpxTEyuy3uwOCYPRFSuAONlBEopTsEoIxjDGbFt_zcpJuDpOrfKSogHtGff27Im5Rb7r0IPmX8Ju4pr3wwDc0InFOf94utTuQcMsKTiikfetf6irl0PX8ybxNOqRZJxZ4QY05_r-j_yMGdyR59S63xd-eXhahd0mMmLFGl23CuihbzOZ0vh6rWuG2uhWhFCQsBD34nJ8kI8RfgH_0lCmhWyJGhvIYagcVKTajzV3yKGSTbZ2eXxXzGXHkZtamW6EfPC4yWsYG_LSQGS6wh8ZpQ3gFLrqKlFMo2TakGgydXzDYx_MZOcp-GBQ8u4fFl6XFZaa2omT6clfxryDLYFp',NULL,'576db4f1e1c3888e_1753383431594','backend/downloaded/photos/576db4f1e1c3888e_1753383431594','ChIJRx1ww4TGhkcRLFUckuKI_jU'),('2025-07-24 20:57:11.565553',67,'ATKogpeafKPxkALHvoBp0AKR_e58Jxa2v8LJrdc_kItfvP1AdgHQ7LcoCxLdJVQCffLmiuMFbU3oyt2FpBq0XRdtEuXm1pYCMaVVf91UWKhe7GjhEnzBFD1ZhnNpVHaiohbdB0gxBvlgthhdDtgBbClOnb9hEMSL0tYmv8IZjHdn4bN1su2DdGduYmnbeqQIqaPPwJ6Eh8IP805ErMqxT-q6oSFPECV2wwHFtQx-AnJDWCwEzAhyUf1-OxfZt0Nkpr_BKj0H1HWVmphJybgEk9kzxcUpKbnfPUuZd56ewYehX7kAe0PzVQpImK4RlJSmmfm6eSe2EcGUKwNgqAjU9CFjFvNZBx-fAsD1Fh_5KjimMFNufZZmAmVb-eTJ15TeQWbZgb3hb9vI7LDwOjKA4bNgm9WpRy3AkOHkFV2GqGRkNpj-NQ',NULL,'d2d25e3153c1cdbd_1753383431565','backend/downloaded/photos/d2d25e3153c1cdbd_1753383431565','ChIJRx1ww4TGhkcRLFUckuKI_jU'),('2025-07-24 20:57:11.608264',68,'ATKogpd4qK3vDUCvP7iKZIUmUdNBmCJVhr9birr8SYzeKbpzjxwC_ZIZshaYH5e70jQyqCRU9q0Le8VsOK49kzYx_wEfyOehvUCP2jEvn-SaacRgMNlfO40AtCSMmxmuTtIUtbMuUQs4yPdPh7pfhLxzkwF9n-sjXkRov687oOnXxYifjdqzpK1MpjqAdl8VF5WXsg23ry_wRqarNHxZiBX-P9GIknluz_aqLXrYJFRFNCOP2tE_UZnxlhEdwcyrRY5RtnUmmkZb5MdfGgd9T6rEapjmfrccc3oq7BdhT97nXc5gHcYZmobsdpRxuUo-xQJ3ORfFiOvMAhduxtt14Rw4IEUqXYFDj4R2KV4MayYEojRE9qSMhMXb7b3JYhdExcLTE-QEERxkGXrqYsaIcb44QqnVPNTMlXP7GtVJG6hbeoOaLA',NULL,'27f4ea2392d0f5ee_1753383431608','backend/downloaded/photos/27f4ea2392d0f5ee_1753383431608','ChIJRx1ww4TGhkcRLFUckuKI_jU'),('2025-07-24 20:57:11.623845',69,'ATKogpd310edpBxU5WBktUkhw-8XWDoqtmIntRg-f4Rm8hPgKJ0RHbdG-ae7nZ40OkamEOy42EvXj2RHQJN3Ul6WFEzmpY1gxfA3FQ1uYs-d_fEvHe1UlD-p2V1vvoZDuSEeuM0-0eG2qfYseSzWU2wEeBZ3O9fx-D2WHtOJnWrqSE_3_bfqgYxWHEZfUdqdu4CCdS3AaJtUV3utDgRrjt_Lupc2PA2K913rSAV2LMsZpWeJh_DJ2wNoY80wuEcEwoyjfbjwEiuAbSSLv0II6m8pkFO6vmmUGet0PK1RnF0bIUHI3Iq4XcNubs2G8GRo5XpHa3D95IbyOgA6--7IYHz4LNpIi6uqL0SXrjsRXGO_ADC7oDpd995xqE9kAfpktddm2weTWD0BJaGkNTr6a7J6DwgmYpHEpmtpDaFq0T9IZAQE-6KDbQz88njZCYIFnX9S',NULL,'01cb3fa7d9257948_1753383431623','backend/downloaded/photos/01cb3fa7d9257948_1753383431623','ChIJRx1ww4TGhkcRLFUckuKI_jU'),('2025-07-24 20:57:11.582181',70,'ATKogpdhNg0hTXDW5nbZJ4uAhmxVJDw9IL2h0K2nfKg1WKg9GnPhgdiuknZTRiGditGTSHGWVyDfUwD6bS0T7kTETHo3ftadga-AU-edrB1T_JGAsKUPrXTioC2RqaaaKD7wiN1vLBWih_W3Cs-mda3YKLIf3Z2Ij5nE0sEA3U1xSbUmLqbot-CnvProPrNGITaB4SbmCFBT6OVP0lLauLsHMQABJgxcaieHxO-BpMh55sXpM4CSzdm8YSWtCVk21Tvs_agDSsetCb--D6-t627NRmeGOfZCnV5ZSx1vhwI3DIblVg',NULL,'3b3264fb69cbf208_1753383431582','backend/downloaded/photos/3b3264fb69cbf208_1753383431582','ChIJRx1ww4TGhkcRLFUckuKI_jU'),('2025-07-24 20:57:19.873088',71,'ATKogpc8-Eobg-l1QsP9q-Mk_aL1X4RswYCptnPqnhtWyPBPbIiMMGjTCcmL3nWEuY7_tQcLN1JFfNi0dF6aJnk4ef3_-CBY5pV1tj22xBpADP7Ajt_57jSP_yAnp2G_95ryYcB1fD39xKMfOCuPF_jEEQXaux0LWoMX_9A0UiVPh5gCX09Q-fMak82qeTajGhcZsSwiVM_W684TDVDwuztU1wRJlM9jKJsZGDWANCNbvlqhMMmxWE6E2_6FWmqOpLi404-ZRNXa2IU1qh5FMH4j01lV9biAhRca5c-AklNVAwsQY0TqmALcet9FRNdmAeYIqkumY8qecRwR_XenW9Db0K6eTBrwCFbASjXB_suD7LD4t167TdBxQQ8soMXs26dQyRIbq_aQBUmxdnOa7Bg0zCC9DqA4u3aABEvRLTPnStw',NULL,'973b36aa2443e82f_1753383439873','backend/downloaded/photos/973b36aa2443e82f_1753383439873','ChIJGTS_wcvGhkcRzftUQwsZxc4'),('2025-07-24 20:57:19.887109',72,'ATKogpedPU_NDi0EI0oYu_kvMkBpZ4KD9ULX_7We6w_MTu4B_R5xkz89WTUSmlpXQcDmv0QvPNE1Hr_QRjJSW1-eFTDXvFtVU34r5rYhabpqe8ntbtO33f3d96zVdQPT3BJpSDNjj_jcFmv3JW6b3pDMWF0ximeBmqcJf8fK3t6QLSnrAyCHMETcRR1udIIt1uiqysyG7rrOaWTuz2jNxz7uO0ISUEKrv55TroxjCR09ZFkaeIjonoJoz82rJwgsXPqPTpu2bkmEDMdkmSkVdSLG1IDkwwN_LRJiHLNvMxXVQYd9I-FExyGfmaC8uTQ5EX7fbvOML6zR2kJEd0-WnMubjmG8tLhpPNbQ7u1GYQE-xpnisPRr8SnWMwUqEFDeXuDe7_e9vX-oGf1wBqoHJB2lc6pDGBbZyHFcM-TXTdgDZfmcHK8seog9nFDgpRqOw3S6',NULL,'9f515bbcb9a015e5_1753383439887','backend/downloaded/photos/9f515bbcb9a015e5_1753383439887','ChIJGTS_wcvGhkcRzftUQwsZxc4'),('2025-07-24 20:57:19.842317',73,'ATKogpfUEUYXuWottjdf3XrFowOp4FlppjbNiUdq8M6L_3b4XgzsocfUyU05s0mG0BxPP3GS-lVops4P70kfmH3FhGw1g_HP8KdWdFfDe8ksnfKEl6kW00igpimRAqvUDTMMQDpCXnES0L-JO67WNQPpkcdS-i6sqLsVTDCYqbAwNBpwD838VTDDib37yeIzar4BCxqwvALOwUdx94X9GBtvTWJ4m9oSA5JKeriUjYK3L6I9Xd7Cm0NMAGogP0ctrFdPnvzcHEvxCBUUVvdQCAH_AI-Ra_JBAa5-Yeko4Lo8htOeIA',NULL,'12e7a3bad9cb1955_1753383439842','backend/downloaded/photos/12e7a3bad9cb1955_1753383439842','ChIJGTS_wcvGhkcRzftUQwsZxc4'),('2025-07-24 20:57:19.823417',74,'ATKogpeiBVQ5wbMBY3m5V62hJiyly0h_t0tnwKP2EyFm52AETOj6voC2RQzC3jz93LWg3m-eaYxFv8p4aMu8WGejkGN_I_cxgdhtM3s1j30L-b7_Z5YTGsJ_XTBwdZGAR5JM65Rinb7XZnY4ybEe_fQJCj0eWP8xTfOYg2a2oYLypSZS1yTiIeO5SvfdcAXp1-Fq8EGqacmH7aRg5u1ofXTjAvJ1-J2apV0W5-p7Azg7dZ0OdlRpNQPNHTWIG3r1ImifVuD6iK5iucC9PJ-XFlUXI6oW41Y91WPzVuk495WaYUen9Q',NULL,'120c1cafa50d8788_1753383439823','backend/downloaded/photos/120c1cafa50d8788_1753383439823','ChIJGTS_wcvGhkcRzftUQwsZxc4'),('2025-07-24 20:57:19.859781',75,'ATKogpcRnHwrki31__7hPU0F5KjmSpKpxcMdmwUqyA4a6dvgZTKF6UZg87q0l8r73zkDhxkI7QMnJ-FiypeDycMzNBK_ZQZdwC11Z7ONLezlcP-L11Iz73UKsaVujCvUpBU1l6Jl-rLAJWQgoAsfyEtHqdC3thK1Ofwh6-RX5RXPSV3Q5cM1DjnXFASpfapVtugdBpV1TuyjCbcJk0P22Tna43eVH5NutoeCNSNXyvJ3Xa3rMqCgqo-W0Qc5VDNZPiekQCZFxAE__vOqSxZ5ZlrKdt2PbazGQrwRquEyn8CJJR2pGV1MbNyP5kSPv68LNJfFztSusavVn1XaotA__9SdV28KbGLXNK3EtffLrhEX-P38xk7_HYchejEMfGAGJ36n44-KFt9Wugpp38Vz7Gu9PB1QSUNZaUJT9egp9_vQNFH6-4ofnHQapDYXiR6WOCoD',NULL,'98f65ff933b3b44d_1753383439859','backend/downloaded/photos/98f65ff933b3b44d_1753383439859','ChIJGTS_wcvGhkcRzftUQwsZxc4'),('2025-07-24 20:57:25.681262',76,'ATKogpdzm6dFAzWILciCMM2CRDivVVFxg6rDQxRsl382TsuY_w9XbOBG2MS3fzw6mU5aUOrLf2dxRTz2KAvsekoP7xFSHBch5BMgkXwNdsxp92SySP8LaWA6bcrLd-p7B7r6qPkNprVovcBq9Ufkkaw3Lzyn47P5TSRk20aDEZbJeNUGpWx7YEU0p-fLC_yiXd1t_ANy52DNDyJJBnmfdAO1ZjwbAlXmjWzlgAJOpY2_nJRfza7P5QuwGrcLjd4E3f9WxiEJKGFho9atOE3PaueER3szgR4YfA4NdEhmha3oPBmJqA',NULL,'e15ace8e64698785_1753383445681','backend/downloaded/photos/e15ace8e64698785_1753383445681','ChIJGYaN8qfHhkcRivx00rrR9AA'),('2025-07-24 20:57:25.703045',77,'ATKogpdrLlDVdzUOT92lS4EZQZBrffSCEmYcY9wdcXgqFhwN7d7o89NCuwBf_cLfk_gzCcAYtx2eTWJFLHblzKqur9myw3Cc3Scy-RDlS1Cw4aMB8qoeHLY7OGL3nLySEa28WtbrYKe8TSQPG_CkubTIHOEoyrFzYgRzAOKxqnBt4797E42r482sNmFlwWXTMShIRUCtTWO0N3Sv--yCZXSslL1LLuw0tg77gtbR1NWTiSI27ol7SHqpUwgB4qVheSDTEX7F6jUeu2tdnKT9gbarHa4tS7hd2j6oiMfpEO7sYO1YNA',NULL,'19be2ad3ae894fff_1753383445702','backend/downloaded/photos/19be2ad3ae894fff_1753383445702','ChIJGYaN8qfHhkcRivx00rrR9AA'),('2025-07-24 20:57:25.720850',78,'ATKogpddJACPHC-6aafoRrg-VwnibV-736Yw1rZXoqX_OgFF6p0bpy9UGafxq1a6Xkc7vnDvbtmA5i2rp5X1Yq0smeugRgJljh7NfWkfh9HjS824IV-vvkj9J19YtBxeV6nv086BxcIwO33FGHtX8_J2EgD-2JCYncMU0NVi3G47RR3o167b254GMbtCbNUTRF0XbZX0iP0BmhLbZPI-TWdzY6ystOb1ghC_DuxqLRypCf5SxlINMhgkUPJdz_8CLQWoHIzUkza4o4vZrJzKoN6Mj2weDaaFoSLSUYddl_Y2NTwCiA',NULL,'bee9bc8608452923_1753383445720','backend/downloaded/photos/bee9bc8608452923_1753383445720','ChIJGYaN8qfHhkcRivx00rrR9AA'),('2025-07-24 20:57:39.694980',79,'ATKogpdl8KU2XqXP5SxJzTO37pEm6GseaxEK5cJ6j4TuDEsJwgtDkxmYspWv-C8Dgs4EYIuEM1V_06A3gY9hlm8pmGjMSK3gZFDb5JNzchGdDos2fTySuP7MQurkc-VdyW45dagHTajWoL1GTo3UkC9hHT369u87kjfOfGkRjLrMjx3pw9XVXdGZo3s0_M4shcyWGguWG_AfXHuMCAGohUQ093L2TEukrAZSE6XpfMm9SYs5HPVjxGT4l77pnFnobNkGJXQXN_KwPOfu_txsZCcbSFWHfLLZ99NK_9ITRtvS5HGVgQ',NULL,'22ea8f9f5607309e_1753383459694','backend/downloaded/photos/22ea8f9f5607309e_1753383459694','ChIJF1CkkMvGhkcRg501F97uuWc'),('2025-07-24 20:57:39.724257',80,'ATKogpe3FlcsA2LH6Do7jJ67qE8SJD5r3uxlKFJiPtLjQbAhURpLpynO0LRYhRJvl3ndZPrw_FNZrOlltIzJ_AO4Iyu5qaG8HQ34ONVc0QhNKBr27j1fVosCPdETyREewQ1iWQFCOWvxtM54NI_sdtNgzRr1x5ls10PGeD3clkilPrLn_vWgLnGEqwqYImU1etA_j0Rehc0nWjpDjwNSzHIAtLWH93xHfp62HG9vOGf2gVS6zQP-ommmc29Bi18MdjaK__FWyXJGkxYr7b1UQtxQnK_ZhcsoAyi-p8vYNZVEHUYwLQ',NULL,'a4d94130d342703e_1753383459724','backend/downloaded/photos/a4d94130d342703e_1753383459724','ChIJF1CkkMvGhkcRg501F97uuWc'),('2025-07-24 20:57:39.735908',81,'ATKogpcrflFLYHXUjEHFBSiRUjuXeyxMVlZJ7fxaYw5tMoZYHq3kZ4T43m9C8ZdkO-zkEpfyiaRN5DgCj-Yr5fDEHH0eNyjiucR_1zGG_6ypyog-CBq265fbNJNPKsay2YN9fX1e6jAPjmBZkdXDz8VT7vINCJAy1tc9SAGM80OqDr9sqQj5bevX98Ovk4T8kBtVhD926VuE9_DWRRsghodI9loivrekAO7FiBN3WI7W85od3EBr2SPqOrRLj1gjBp7lrd0wkjBK3zJOUkLrk9ksjVIrpeO_NyOsMXJ17-q9n1kpcQ',NULL,'c20f245117300873_1753383459735','backend/downloaded/photos/c20f245117300873_1753383459735','ChIJF1CkkMvGhkcRg501F97uuWc'),('2025-07-24 20:57:39.751584',82,'ATKogpclEAJwpFKy3kWL71wGjgvha8SDiNzqDty1JR_eTIENsHW3B-1A7bfj9-afmIfdj8vjWx3HDcrDceXv4t42TqX9o7PQv4IdgJyCPYTqgCnvXs-2Fro99_rrX2K8un3c2u3CNdXp_VRgYlmY-Ip2zM-liYtGGzu_e7YpU5YkCZFkkCWVGEVJsG584yk3j3tDkBci9D5nVY388cu3UKzZpGZZMdG6OHnGK6FPLk05Al4z5IoHdAo9cFWiR_M7nOhNbPVYQzO0zfxOOFnFcuzloDz6el0DFHdqybQ-ry8Fo6NnHg',NULL,'45a62c83cb2ac448_1753383459751','backend/downloaded/photos/45a62c83cb2ac448_1753383459751','ChIJF1CkkMvGhkcRg501F97uuWc'),('2025-07-24 20:57:39.711609',83,'ATKogpff7tvsTTrd4c4-0Mpq14cRdS74-87sy816le9etjmH5tGclVxGpIZbK_o4fi5rLMQpt_ZRi7UmUdrDxSU5HYX2eTOG1jpAUMoedRBTrrdB-cBurZ3YX87Vu0l6hLuX8_0pbr8e3FqWx2l4MV2wpPM_aAVyFL2kvE1UUZivYG9uxG-PDS_iFKdHq4mrnNRFhOqRMCvBy9t24UMYpBRVWB-bx6Y7cf0eI6rqxCsREUygY4Tz5CZZq8RTKbm5OCJzNofH5n1JmVPgZBflp5VBsSwbOEcWy9RPGHmFehsrW891vQ',NULL,'2390be17903d349f_1753383459711','backend/downloaded/photos/2390be17903d349f_1753383459711','ChIJF1CkkMvGhkcRg501F97uuWc'),('2025-07-25 10:43:28.180920',84,'ATKogpc3g_sfe04eyNQBqyUjWkTYHFKQR0wmaZbTImoRdgbJLXZPxBBTPfKH1iyS5KaOkQvB2Y3ZUiNzH5RcwR_LZktJIqb7JCcpaXulw93q7goD6YqxhtO1kvwx1-DHawLaku0KKpnvLBvPu0F91KrLBuo4d1WbIsaTIBz71Jpadc1SJKCKNlaS0TkYafKonY_XHa5-lrQkySOJt_CNY8k7eqqsO12G6vdMqZwP7wqonR5HC_-0gHsIMuQQlpDKbK9yhitGJnrOb-7h_tOZ5XdHwud4VUn1M21BwVnvu9kpX2s',NULL,'8021ee6f09adef77_1753433008180','backend/downloaded/photos/8021ee6f09adef77_1753433008180','ChIJa9OqzjXBhkcRClFolFwHb48'),('2025-07-25 10:43:28.120389',85,'ATKogpexyi16daT7Xuf4ztfs-iULRVPMzLA1WwQlFyhTyfcF3qaWYBhVhMIfWwpOm9nYS0VEFNQofnBQQ1c11ZXOJOidjA2NxrvH7hQKHSIs5YFQTqZcTk-LVQUDEmmEgVZubzqbnUGh3PePsk6jgozyg8mc4H42K_2VNA-Dxjej6esWO6Tsd6o37q2D-Cf7LpGa8_GVIsVvn8876HErdmlJSXORFHi0QBNnnDSxmHia2czT9mRum313Sdo2KgTg7yw3v-J2F6mcRX7OfBgy5ET_JJcFG46z5ey8sSP_h0Kgzw634Dbv9kYmZmF1Mrx2cXgBIn0yOqSNQjuoFw0VoEV0bUDY4lxAIxh3yuwjsYwJupaT0WPGvlFzR_dYTScDyjUn1ObvuL_ePv0UykouRr5hMN0xHUNG_zRwnl51zn18tj47tA',NULL,'abc4c5543d23858f_1753433008120','backend/downloaded/photos/abc4c5543d23858f_1753433008120','ChIJa9OqzjXBhkcRClFolFwHb48'),('2025-07-25 10:43:28.085537',86,'ATKogpeIpARV0_NelHjqeR2GI2PD1BtYw8yUS5J3GHM4HGyrkU3UKeeA1a6YSszEp1P2SabBEAsviDq-GilmsaGy57v0qYaG_uJ6omF7gPYn74UI06U_ZY6kP2Oeazh3kUUGKbzn4AtjQ8k1xnsIV-qOF2eABSZ75CzMehBOuiDes_zK_kXnAvO4RiJCcc5-WsWR79ra6Ib0jVJ9TBGUfAUiOqLwumzeL1IUTkP7js0G8kWZjG9rzo4jx3FbkFvpB_jeqU9riqlYEPNvZNoZQASAH56sZk8zrL4bgknJScTcIW8',NULL,'5a0ee71941cc90fc_1753433008085','backend/downloaded/photos/5a0ee71941cc90fc_1753433008085','ChIJa9OqzjXBhkcRClFolFwHb48'),('2025-07-25 10:43:28.046105',87,'ATKogpdWUFdLpkCLx998Lr_63faOXZ_QxoMtqTW5EFBnDenAzR2M0U_9mFjwRvKUTe4pSFdlvi0yQ5WeVY-yGj-WEtFpDn7kjlv-S-BXrd1Q-ejHZdTz4g1LsQKoCQXB9lxVj1Yvy_HUh-LTAkMEinuXbhtbTCoowSmazkIIpUU7YuvfxP0-OGr7pp79MpZBYZemi-31d3d-tpc8nd0rgtyxDBPnl7x-aEQEEzBEYZftTKlUB04gfYyJ04HyKNzhNkfIpypACWOZQsjOlKz720mWyi0JCt0i8AFU8CpQHe6ymSQ',NULL,'5946156dc85fff0e_1753433008046','backend/downloaded/photos/5946156dc85fff0e_1753433008046','ChIJa9OqzjXBhkcRClFolFwHb48'),('2025-07-25 10:43:28.153309',88,'ATKogpd-4mYJF0qVjWMJ_WBpVE_XSgL6ryX_ifYeNQZhivCvIiL7hMAp7EMjXtO64i_lsxoEQtpBFkZIKnUJHbvcJs3NUeCEhXmMUoPQj98t3y3enJuZT3pYlmSKXEVKKZx-ffngX8iEWeKYndSihagpGySx5VBZ8PYOW7cUMmxAn08EA-W-pqxAuJgnv-Unk94MWp1yZG84DoDccypqCxAGgEVjicEP193PPbmZ6BK-rxPFKWFSWhx-SJLwfssv0HvdsjnHp_wEFedoQYOMvUJ53FjSpRpEBZBxOtfjW67jMZs',NULL,'417745af309a158c_1753433008153','backend/downloaded/photos/417745af309a158c_1753433008153','ChIJa9OqzjXBhkcRClFolFwHb48'),('2025-07-25 10:52:22.245586',89,'ATKogpcEvBzC16dzPxW3pcv_3eViODq8_9BqPpPBcZCQXZQ1zyjk9NcEhvP_B7pkL21UHUDgMgvPp2L4jrTFPc81_cUqvIthKv2ifLedFRX7J1TtHBD2fBcZw5s_UUZJ8bSzf10dcPb--bQGqEzatHzoY3g_bYicpIdyu5mVIZiNWQ9azCMgLn-EERfcBSxrymtRmWalzznX22mJE6UEqUmCpkH7HTr0WhndNrJxaMt0wgKQvLYNZsZBvuoqeg7pOrheGibmUlwCvGzobcrfMgzldvHXP0XNp0u_i6ekmwa7flSW7g',NULL,'c209eee515dd4467_1753433542245','backend/downloaded/photos/c209eee515dd4467_1753433542245','ChIJP4V-BuLDhkcROuVQTRQJuxA'),('2025-07-25 10:52:22.173273',90,'ATKogpfv3XkpuHxKU9rayOp2cdX2eUUrN4l_2asOWUM4ZdST-4kFc9dt69XDojtOBjNE5Z-p0pjLMqVM0iIBqW0ssdkdjcrH8ThgodDze9s3SQZIr7txKT6PVkKOJvOR7xV3B4iTad1WAlTfKhQtZm7eUzIcMWuoT1eX3Wfs3ovYt39fQ9vAyF0d_VGMawK7VkNfalqmMS3YPQN7p8wZ6PG27iUGpmbdzi8CUk-fc_loz_X60vL0fBBiAmXSrxLrssHg1Ck0B1E8CCbxYJCWFhqTtlV8_ZFhPwsvWoYuD5K_FOKQJuUoA6eS3CwOpKcD9E0CXp3bKYAFF3XNsjts3BlvlyaF4Iwfs7kMKmLhSOz9EBePfACLH_NmMdKD3GgzCZP4iq_dn1RkUhitHNz0s8cj9oifHXiphgTh-LoWsOcAJ1mPa1G2',NULL,'3f6af1e65a99cf3e_1753433542172','backend/downloaded/photos/3f6af1e65a99cf3e_1753433542172','ChIJP4V-BuLDhkcROuVQTRQJuxA'),('2025-07-25 10:52:22.263251',91,'ATKogpd3y8BYTR-jMoOG-QQv18Pm8kvzZsJAKzNfOxj7s0V1Y9NQ5IVHr1hNAwsUWKnK_ya3s6i2tNez90StEGFz_-kZkmkPK6SSO5rGGruz8HpYa3duI-FiWYiMuc63EusDVFwIWCskoD-KzeegnL5NmDqKaRFC--TiZuhBbirBX66oKBZxWqdZqohlBoBxy-v0M3SIwowwJuqc4GAsJsjXsHaHUZki2ZZ4e6XXmE-GMRzBi7pFNUefvrsN7q4LB02SLLgGJjWmdHe03yFv-qeqMVu7wZVhJJtE_DnLW_H0QqJzBPr1PsdNin9gPEc0_kYB_YQp9yYTSKk7i7hm_V7wAsBGgCHJx2xjX1_CaTLBUNs4nmtAKBXuphP26xT5Zl3L9amttkkhXqEjVmb3bYDCmpgaQMf3tS3mz3fXMr1brpA',NULL,'989a7f85cd3c8af1_1753433542263','backend/downloaded/photos/989a7f85cd3c8af1_1753433542263','ChIJP4V-BuLDhkcROuVQTRQJuxA'),('2025-07-25 10:52:22.227965',92,'ATKogpdK67YMLLasf_ZEDGU7-jqNiJNKFhZAhq_ZHqf07eX4_cZhdtKwvkpZmnDHVYVghGYtZ4HFPv_R_9v1nchzxOeUaAfPU2SJAi5kpk0yyxrs9WJrHE9voDTKFqxcH-4x4XzNkAO22hg2q96vo9L111P3BEnAxjHUXQmC0xAtIYBlLLT425TVL3nU8OQaNMNNNqbAqVweKCoXXlMR6K-rebomnTR6gqGHNUXlI0LrAThInMmopjDn7dp5XUA9ZbX6rsyU7Q_JzqS6_DQ9kQgftn7ITkzPTefVVuI9N-AYOl9_9Q',NULL,'1eba6fdad09b8ada_1753433542227','backend/downloaded/photos/1eba6fdad09b8ada_1753433542227','ChIJP4V-BuLDhkcROuVQTRQJuxA'),('2025-07-25 10:52:22.206891',93,'ATKogpdrSHEzu87wKyv0yAYO-_89d3yUiw3kRwp8NVfT06bvGcLjqYulnPNp_vwk49xA0oDgxtYDQP9ikkuHIfFBvvpLCWS3oz3wBUdajqwR1gGyfqSFbUKofuRZZ_H-JdKT-ivxu9fr59pv0Bm7HdFFcPYFeWL3SkA7_Kpx6PvrFFQl3muwce1gtVUFEZgMXwrbne0SfZtBPiTkdwmKWNEh-gMIUNdGiVpMlpQ8rIzIh64gP9Dz8Smyu3lW4A997ZMN_NPA0B-Ia3jrT0Z8QmCV7SAxsYuDRrwYc0UrfY-69H5nFA',NULL,'729f8f2c0b813336_1753433542206','backend/downloaded/photos/729f8f2c0b813336_1753433542206','ChIJP4V-BuLDhkcROuVQTRQJuxA'),('2025-07-25 15:31:38.118383',94,'ATKogpcbTV3wt1ecqWE5oMPe8XgKy1pcnQMgJ06E7iw1q1LL4GV2qbneAXTpVT9qBO9oCzgZl_V4EKLgJ3MByPKuxJEf4OgPwkYYJ7O38C49fGC7-Os6oZgN-CocMTxO3_xLLgewd4iQdESK7PpoFqFt-PsKyAbEJl6WFdEZ5GNp0nJ6QnpxV_ZeeAZh6ph0Xh5lQcZSKbi9RB8F4XSwIfraWC76tVs-IhwDFDzZb-vqWV4lue5-DU1_PeoUu8WblrOON4XaN_D_oIiMyyk8GrUabGlwkwRUr-M9wqUlM5EtgGbMVE0USakDWDyy0cOzgOf3NxzSuFwUI6Y0M8oXLE8_O6MjbTmmDkzl700FxVly_symqxL6SqHhV_EuzPlwGsh_TVjJIBPjKWfnKaVOx8zqyb7YB9ImMqMj-r_ofw9LIXNVZN0',NULL,'32d4b4680ca56f08_1753450298118','backend/downloaded/photos/32d4b4680ca56f08_1753450298118','ChIJpyVSCfGh1RIRxaK3knrNlYU'),('2025-07-25 15:31:38.145291',95,'ATKogpedWApnkm4mQZxyUdHGo68MwPGWGNoso6gkMCrNjzlDQY5spnWThD6Z6JHvOlbClBfK_1BKUAzMkmq-fPfIS9nzvct5vo9TdF0QIi6ETjfd_bl5gXpCU16J5YkZJKohPGqJb-Xh5ZqnhkWulpP9RaB-f0fbPghoYfnx_eFwi_td8Lc2Fl7Y-gW6zeiTJ3a1wGJjVkYbwRtlGK-XxiCmqtjIUkUCpij28SxgjFb5EUtrIDinywANuj5FvHXRbGKLoOd9jhsgoQItJowjyqJzS7NS6-r1W4PcaA2o6rqr1j71vl8PJUbqTboiN9e-Yq031kJGIEu8pEw17L52JfCFLrCwzw4C-I9vmNcj_e4vCWc0UaKVmiqWEn4VIiv3uwetcL_ozR34fZUGgB6fXLrpIYUdSqM1x38ZFJD6EPT663SFvC61QB1R66z0bR2Wysac',NULL,'da284426a893ec1a_1753450298145','backend/downloaded/photos/da284426a893ec1a_1753450298145','ChIJpyVSCfGh1RIRxaK3knrNlYU'),('2025-07-25 15:31:38.085170',96,'ATKogpeWqRoseNuFGZS4urfo3tiTESMEuObR52jr136Nf-eHWaFgAq__rOxbbyWkftgY6Ztf1iF1ucT_1OsLzYxEA5pLRXQYSL96ZWQdjkJz6OmPwUbrc1pDda-uAI6ZYTklYDe1YuDJy0NxCaNSqeskmB6DHjhUPjM231L5q3AS01aEN8my5np6GnKvq5R4JNMJ_ehCwlKKKfN-66pOYSSrxxDMXMSZFqFroMIUY6bmG1fPNbrRgDZ5LJXGggbHDDALZA6gL4iEUZnoqAjBAmdtBUwy9hfu-OOq8oxRE_5Mr3UfNw',NULL,'948966e330712ef3_1753450298085','backend/downloaded/photos/948966e330712ef3_1753450298085','ChIJpyVSCfGh1RIRxaK3knrNlYU'),('2025-07-25 15:31:38.131185',97,'ATKogpfaJuTB4HXjiOeTPvPCAbH2iye1ryyLjwvx8LQjHy7koAPnQXqt0emkTvGJ3A-FR2F8G_8kL_ClZUr24p9v1E-SNryb5f3dB6ePjkcG0yVnj-3IWOwLS5jOdxpdjb11eC99ef3vSq9lrVbZVbziLvVvfQ4wCPsbcsEU8YLrTwQhu_jApaVsiXV0cx0lNfwaw5spHPmM8q1EkgrI8u5u7CP8iRGUigHpgLd3RHSxE4UYh-qAloKaHv_ElZCYmvWHV5K5RabahZNRKNaYGYxahZKVzbxG30DMFNGLYFipJrNloIdHO1Ot4V5OE3rRwxp9nQHsecMmOpCKzhjZXnCAx_oPnHaNz0lWGhmSr6Nhb-BLKy8soyn63kl22Vi2bjAsB4ZiTREIHV9tdEsCMaDCmBProeuN7SOeJ6nSP_YDfAiXATc3',NULL,'bd9ecf2c9993a926_1753450298131','backend/downloaded/photos/bd9ecf2c9993a926_1753450298131','ChIJpyVSCfGh1RIRxaK3knrNlYU'),('2025-07-25 15:31:38.102720',98,'ATKogpfQa4AAcJSfkaHT9_6ekycejUoiKU8qVqFyVgXu3XA5YCweUYZL9OZTq_QOjbLUVdSS7mr6_NdfW_ZOtLTXtK4grUwFvxLwSS8DwmUBU9rwxbLUc8JYZVQ32ynng7nWuZWVr91IkOKp7tfM6ZP6pv3XV72lvavCylsvTbVpzqMfK1B7XJKrlN39qbbmDNPyO73CVtzLOM6SbUYsM99wm67qQUjfo2vlFWo8SjJIXhVl9vO3yUGFQdq9THINbNzDuOLlK9vqc5nh4_NoCC9yPGHFQeSKSGcyXKtL2dL9OeH_GQ',NULL,'96f5de583a8bf7c9_1753450298102','backend/downloaded/photos/96f5de583a8bf7c9_1753450298102','ChIJpyVSCfGh1RIRxaK3knrNlYU'),('2025-07-25 15:34:00.910106',99,'ATKogpeCVlWx5PVAVc-GQdpLO6sc53S5ZjZx6IlSojHtMkRbi5cK54umjPmdccfXlaXI4Sglkob2g6_Kzh-5XXcLfWu24CguMnyawLvpqlGD5NI_EVeOw4yCugheIs5Nn3C12MRjmbZhWogjrAWKxbew4gh_0j4MREt4v-6Ha9XTuYLmC5AGnqm9QcHxmfq7Muly04tBlCTZZZfpUjN_8EAz_C2kwd6h7JlTGNf1cHc9XLkaSxNmjiTlGGyCX01KvKs042NyZhI3JMiF1-C0Qg8s564iTxA8bh5ncss97nVVV5QPEUoTBINInlCphFfgikpvywo0zYF8EnelS5KdRk-c8urlqsHa0oMa0Oael30uuyAT40HkMnks5NXavi1Pv_jAZcG107UK1rrg2TLPfpILiu9SssiPAEnbAPKWw9ZENI2PFZSQ',NULL,'b50e06a4f5d2ceed_1753450440910','backend/downloaded/photos/b50e06a4f5d2ceed_1753450440910','ChIJ49vS4vCY1RIRu2b1tbdTZlc'),('2025-07-25 15:34:00.936040',100,'ATKogpdLSt2OXzfqGOjBLLSg-sgHrvgUkCCgVQDFWxM9DN31onf5JSZ0SdxALAp5miIxrAX-_zanjVV4cnVoDhG-wN7q-S_q3rXbz4vIA1uKqY3ovVZ_yK83JQBOaSYDPPyBOE9970TLkI-_qoKy62DIo0nZCXpBMQPb0fEgCQYhXAAed_XQ2CUemld-vWdsNL7P5RK0-0qECOdJC9z16PBQnH2qQ0EL8vNkZioQpicMu2vwnjkPj6dCvhCgpsrDBrSMvOAjKbR8qkIUFl3tn-TUFq5bMbTPR0YjakGacs4kslLOvaTAxNB8BafkaSJTxlQ1xpSHmLCtbcpO5OXubistwnV-3-MfmQSS8QB86K1qfOWLShhrWYbXQ0mhtXBUgOnaLaeB37tKRlAZyyZs1R163Mxwbpa3JfzSfSIfDs9Jkvz1PQ',NULL,'56384d17baff444c_1753450440935','backend/downloaded/photos/56384d17baff444c_1753450440935','ChIJ49vS4vCY1RIRu2b1tbdTZlc'),('2025-07-25 15:34:00.922324',101,'ATKogpdmBnjDyGv-zeFzdR6qJ-rpdvOHko0pfe7ZVs8QKjwcYeQc8mLyGtTugD-Y3xNyRUfdCA6zQgxCC9fwYUCcTeltApfWpMnVEuytlGjpabz6iarNTJasIEb8V6L6XteGQxKzupUUr9w8Iu7KT8c6WUiH7xSQ7YU7pL0_nzTmOoiIFl1dApelD0Kmt1-_dMddF2PqTpEvbNShPOByTtZxLzgb07XpCJCoL00cizYeGIFzRvhM5XcC3spobTvfPdqISztETpXyONPeNiXgqiUayuvr_yy9c0AJL7cpH1_xLo5JlZ5Y25N5AYAll1x_5uDVQl6aes8wVpRQOipMmYnvOm8vLzduNIsDBfaYEY593VAqySGB5uAJyThaG9dYno4u0rIq4ot-V-_18Ok-D_fE7rTnO_AtF1zUFfuilD_xVUQdDeey',NULL,'07e4125d280c0d66_1753450440922','backend/downloaded/photos/07e4125d280c0d66_1753450440922','ChIJ49vS4vCY1RIRu2b1tbdTZlc'),('2025-07-25 15:34:00.879820',102,'ATKogpdfi_BXpv4br3NpGUT6-ml9Oj3-kCp9LNBOoqSLrq7ul3WeFalqHFDZ0Bc0Qen_129Q24eRlF2Y3A1CDyVwGmoAJE2h88YTpu3dUDKMoOU412fMTyUrQg_R2e3882X5gd91PuJV0DqMtOZ7LufyoFQN80NXK57VCL3S4g8_5jJ7oXRf1zQnMdnIjHwxWqwkRZp3fsaBuTDRBqDXp4HyekDQ6ZdA2QIqQdo-90IV57p12fowpiNsCGLxcEOVCz7B5x-Q1rV-NoNLfyHQFYCxKxSAhzmRc8ORhSoDIlZD74RjfQ',NULL,'92165a4eb6198fb8_1753450440879','backend/downloaded/photos/92165a4eb6198fb8_1753450440879','ChIJ49vS4vCY1RIRu2b1tbdTZlc'),('2025-07-25 15:34:00.894672',103,'ATKogpdWzXlZF28SeukkpNlagkiYr75jcgPn_HocWcha7BPCxSm8yD7rdKmXONNnegTlFUVJdG2k2Xnb3zgOsvkfeui3ReozbG9LuNsPVN__-Mckmx-LNIxU79fCpyjuYTPWxKn8BTRGouU_se-b9rTofQdSy0XrflcHWjIkE0wu1rG8VuJzKDMIReBFIq5uPBi3vANCFAxFqwyg2H_iV9AR4c49H90gwVtn6scwHUByR9kqjs4rR2I1HqhQYYIoxcZEcIlNo7PvD3QJ5PG8LxZ58-QrpptTDuG5unx2Hwl-ypZWVQ',NULL,'98d3040e960d3040_1753450440894','backend/downloaded/photos/98d3040e960d3040_1753450440894','ChIJ49vS4vCY1RIRu2b1tbdTZlc'),('2025-07-26 17:57:34.965030',104,'ATKogpd4A9VnzcfyLdxj2W9xR1HAiw7tlYADWPX41hy102PDcFf1xGwKk5SPeD5bYbegN7JWqIcWLhGyemLRHIHIBVGKQevTrj9-qac1VRLo-cpI07OmqQGeHcpuD2n-HzyX95NHZpWwRAFkyRQ00sZOaJkJVS4OYHmW72uxAsF2K76ZeSP52IFgdL8CvYJDQdQq4aoFENXHjmJrnn7G2GSYtYtkSTOqXbc6aH-9iPZhgc1rIaDgz2Cx6eHL2CwUUy70EfIx81zISArlBkyM9L0ZqiEdpg17IpKOJmNj-02ubd04e0G_LNv5FPi6J8kXk3QQ3cfG33nUk_6pWTq9qL9BN1Ew9goXYTc5uaXqh6VH1yKFXjdnBhCCHafugda2w8eowWjs8UZvH6hhJUgfXDnPpJ5AVY2EcD0B540wRlj27MZgDGp-98gpHAaLdjPdqVYx',NULL,'ed70b1f7c8fbd682_1753545454964','backend/downloaded/photos/ed70b1f7c8fbd682_1753545454964','ChIJlSM1OxFRFBMRzTX5gjGL4XA'),('2025-07-26 17:57:34.909281',105,'ATKogpd3fp3wupIEz7LcsPlkmkInBYqhXYtFwtSboy1RBOs00tkEPl6ezickERhjNCQZBWux7HNY4Xnlr2F6kh_Z0iOJ1tThipHYste5hazsZS8Q4bPSBcSE61fj6X9yVKAkPFHeElZdL1OF5z5Vfe9fRw7Z7EuL3l-dTtqILch3hkm_HacoZhh4VkGW4DpAG0uUrBrx6DIaZNk_KbZhctCusM6DUOp2Mdmhj77dTopxBTHeB_6tdOa-_8RSQ6fTtb4BTlYZcxLX3rEcyYIeCPs4lO5SJPyxk7OQMPVn_r7rJMX9mBhf569PVYb4zhmtX9DQY6b6MHgYa2mLxGeTjuc-UEjyiq-PBmcOHBMd_1Ugt3YsScesUwx7kfZSb_qkgMYdbw5qZjTQjkes-QTGnafTWfJ4AGx644_GTwaPMA9qm2aALg',NULL,'c9baae31f1959182_1753545454908','backend/downloaded/photos/c9baae31f1959182_1753545454908','ChIJlSM1OxFRFBMRzTX5gjGL4XA'),('2025-07-26 17:57:35.050170',106,'ATKogpc6kxZQNGK09cHJGDq0iCqttKSLrKfY3pLFP1mDXuhlBVTnj80MvaGVtVnFTSoky8SxIhAsCK26I66xaarxzy6rzouBkOd7rfFaguB9j7nQ2U4WZkAIaAAzUr3aW3Xp1zEmlGJ4zXyUns3bxRvBaiLy2ejJsYtOEJWEUu2X0fHmA79tNY7-t49GJavxziaBBrDjAnpD1NQ8G5fmGmBjf-wOWNfeYk3APe8K91V7aC10WgHWNkDHT7hqJS195PYQWaSfOMeaBjL5k1BJYPtgGmlzBoa6AJsQDSHBO3SN9Of_4qHeWC98crzmnBT7Ao2gSa_hNmQMmt6snoIcZd4UtVKpmpcTRBaU7KqGlu24mtDuB1K8lvEK0Dx2mDOWzYb3d_AhT_SKuvKw1hcBHIAPTYMZ-IczC4uLXIuJaAfcR7JoEC-LDj-v02dkzmSxf6wg',NULL,'ee554c641ad46838_1753545455050','backend/downloaded/photos/ee554c641ad46838_1753545455050','ChIJlSM1OxFRFBMRzTX5gjGL4XA'),('2025-07-26 17:57:34.999252',107,'ATKogpfKMO-HWXEBeDooNvCHJuvCxgnfrIhR7k7nyzQCCR6o9IwCT006Os8uzX0BgXiFTFyC6WfE0L28-v8SQPRptN-5A7wg_tYfUws7fBD3WK2w_K2mlbncSdMIUjsLMquYBntxvkMAJBv8WB2tIU7UpDTEIDPnw1GhT5943K-UzXBHmNGib9rJyCufuNdnRkHxCmwG4MM_iRoBeAXwigalsux70YQFBzLxrdODMUxap7THAVE6cLY-w3vrQij3iq1_N54GPH5Y0GeG81lGIiNqdlNRbHrCFQbThp4ZXaFDyuvsJiKHu8-ZVT-JutIzCgh86nNpX8DGJwA1dk0sIcd838MWhXoQvhzod4z4XaaW52du_Hpt9jVoVOVxo1uAKZ5dPhc1h7SXEJzlMOgk6w779U0yBBd-O1n38oXb2WXaeE062P2qmRdPATFGqYNkEg',NULL,'31b24f25bb81d1e3_1753545454999','backend/downloaded/photos/31b24f25bb81d1e3_1753545454999','ChIJlSM1OxFRFBMRzTX5gjGL4XA'),('2025-07-26 17:57:35.029970',108,'ATKogpeFVjX0RskYFQJSFljchdxS19ybj9CQlSdR-2Tu-2q7QwujhEkpKWbi4SlhkTGgVyQyRDWf2Rq-B6TQez3BXlSLjr9ig2kltHhvQpKrbl8m3fnZ7hrirEtyRjXN0mgmHumbbZ_WIrZHT7AHzgQkLa65PusoRGsspi4cWJV7deLNHAKf6yZWGf3IfQ0NUMd8i4y6LPtHxLfVlIyvWT4kCczM0WP77WE6V_HcDeUFNU8l9KfimGUpUf-LNOBrPIeweqdCztvE4DxPeDEh0GUxRxvF6mFKkFvh3GwzQZrLvQD6hnKGvXliDXN0sAvNF3EAe0b3_aX_3_L7G8STcurQC3GQ40UHnfUB18Pwh3eGNiACFobn7M2zaLp6pUg16_a8jQkuqep0_ZP9TQM8NnqZrFYIBXGxEiff1UjdAZ_S6TA',NULL,'c1cc96b29b0e6eb6_1753545455029','backend/downloaded/photos/c1cc96b29b0e6eb6_1753545455029','ChIJlSM1OxFRFBMRzTX5gjGL4XA'),('2025-07-28 12:27:08.898448',109,'ATKogpcJdmlafW7X_vE7VM4HUnVrJFnGch5yPLv6TZZgGjU_fe20n36XlEaq4tBr-XM0tsbrxdmzIwRhyD-A9WJxMclsw88pbWEqdRLhvoM74ceuTGqMGPN91InwI8Q3oArhylCdmM1nuRrb0Fwtku2Gv9svfAyVS6Ny3c2fpbOfs39Ha6XVm8q-ZJL9WY8BA8L4kEnCeBzjYfXK-J8vpbkkmG08OgCbjf_N1rZvuEhMYqd-2-tiuEEAaF0A3Yk2urfzMMi0Z4aliksbzDfnHC4v9CQZWx7zuGBNR9O2TnBvoJSTMMBkvr16lBBYhPgC4clAuf8VXKw91HkcYNatZboRHK2d1VfwcRmCE83zN8Pn5-WCuczISODi4aaIdsZsJLGXPY7nekQD5l6Y5IjXk4uC1GkcUJK1KjutUtpWWKOGa4s0Iu1jHva1yhH9ij76QXug',NULL,'23e04dcba8029147_1753698428898','backend/downloaded/photos/23e04dcba8029147_1753698428898','ChIJUUjCi7bHhkcRnFM4XCEBzuw'),('2025-07-28 12:27:08.912369',110,'ATKogpcetyHpbMa70EUJolrEbKQHR4BL6B35_uzvIAqou_hRYmsT9QrcwBHGY-fZQvgRLdgXY_bdSAUV6q4zLwOrvgEqh6JbWSxIwt2qlf2y1wlDcdkIcVz9ZXzNXlUd3IxhPgB0OteSyWEzaZgWOJYP8sc2UmwrjsA3hcihQlxYeLnwFD7XAuwBENoIEjfj22S_xP1l8s4IlwjNFz7WpCuYPYZkBeIo65Oo9ilTgHgTCqF36qEcY8lKUSBjJGkRpnifFPrx651RCVln-KHXR4GZbTzgeziRCpHvJKhRdR5G-K9feuPpK1JhuzWzW-Djx9OHdjAiCr6ueEgEVaLJs1lBi0_P84qGG2_teE6qWTjQdnXFIazHEzCjZJ6PjzJuNl5ry0OCgY5Tz6jatANkb23UNEw1l5l1EEys3JUcd-YHrqaXyqA',NULL,'6ff2762a01435905_1753698428912','backend/downloaded/photos/6ff2762a01435905_1753698428912','ChIJUUjCi7bHhkcRnFM4XCEBzuw'),('2025-07-28 12:27:08.864453',111,'ATKogpcJgkX0GKbsLFwFKUVb1gPS_4Y5A61wJeWlN4FF0MJg-MBRdMf5PUhHdMSZZOnydnIAuKcsP558XV3uY93oRfFktFKjkbwVRIyX8uwiU8wtN6o90woALrFhT0pWLmtA5XQOSiOBjSLLFVKPAoQXuaYNJqLeoZeX22Fjol07Qm-qqMdfDmX7cBQmxpcxbnwrkeoyIOZktfkuteS5tOhNL7eotb8P4Uou1DK8MoFXbOXM2yun_b7m0OjwBmbWcFI5YYYT3rLPdkQmkkGg6ggXzEphGPtsTzabSK9FiTMBtHzdyg',NULL,'f0af057288dafcbc_1753698428864','backend/downloaded/photos/f0af057288dafcbc_1753698428864','ChIJUUjCi7bHhkcRnFM4XCEBzuw'),('2025-07-28 12:27:08.927967',112,'ATKogpc2QXotZa3DvY8z8KZvLrqigRLIvmYLl9g22o0HgXslhJjaK_q4LkwRLv8Y0ugm_3Hy_CqVFvrAnf0LM_4fdubdhCqZVfGvURtSeSffq2Jl_pp03OmcB891h_j7EDjmfVxg6fwDTCdKJqD1JPY-0bSFV0_qogciUE269IperAHKlBRUcLZ6Nkn8hoH5SRJfDPp9jON4KdedpGVpI2sfLC1OF_EA2mqoHBgJhNJRsOPJLoKYi30UJ6rWZchjPieC-EBjcC1oWStMwhFZTUsxSVX5KywUMa7crWdfFJlGW8UdMA',NULL,'fcd35865c5fed582_1753698428927','backend/downloaded/photos/fcd35865c5fed582_1753698428927','ChIJUUjCi7bHhkcRnFM4XCEBzuw'),('2025-07-28 12:27:08.882464',113,'ATKogpd74O6Z3MIpKGcbPh0xZtm9vAOSE1HufE7GuJCa8iglvdAKwM_aV78IY94mbDWpNQoj7hx1DFvq570QuqK-LD-l0JxI1cHnE2KdmGGAybMuEqQ53f_CduorD-WdDTvRVosQWc-NQlJtSquQy5pJsmNsSe7atXFUuQ2njaPVguDtL7ygzxzpuWZObpI6PDY4gr5jnCqjmnco9Q32ZpSRDN_DzPVMfjyB4jt_bFx4oxEixDp1tealLsGl38fMhgX8_kaSoWCeCoU21vduV4RbfVP1pBK6IojH6Krxmcng774lXA',NULL,'dbc618594ee707d8_1753698428882','backend/downloaded/photos/dbc618594ee707d8_1753698428882','ChIJUUjCi7bHhkcRnFM4XCEBzuw'),('2025-07-28 17:43:42.663211',114,'ATKogpdION0CaV8URPMlEGFHsCt4E69KBOzctZZ1uCGPiTRFI3tZiYuRFqIGrtTdu8EqPLizDloEyjfQ4GYiZOijw_tiNZpM-z5lBq0e0z1tHTog4AzYGrD86iH_-wgkOFx-7T3p_S6EbUJJ0BML7-GBYPSS-Na6owSIMVVgoiE4HNszS-H-22eyG7cBCZggGGDXYnabPaEXH6QWoOBTumiDmTV8kFUBE6-ZZiaflFYeIRnyz7wIGTrEiktTqQkQBZmBWu1Abws-_fT58Lbs_ZTFEp2xZqfFVrqfj7RG83W00yNJJxf1znetUN3VxVroZnk8n7OBGzTN4oIErX8X28UtplPlJIzdwMdnwC2zKJ8NOAMWqMDJ63CxULX6ss-wOodgi4kMBOlUFtZgefaK0A70Sbje75oPlO3_1PdNeH7rUKxp0NZyO_tXucANKJGq_w',NULL,'5d975f553f7e90b5_1753717422663','backend/downloaded/photos/5d975f553f7e90b5_1753717422663','ChIJ6aI8_L7Uf0cRvyJqyTcRugQ'),('2025-07-28 17:43:42.604280',115,'ATKogpfpwya70v6kz4p81I8MoPIeooWExgrVIfDsWKGYQTYYqIYDFP7ab-d9knC0tHIEpm8GC2HTd1ptsbxaEFYN1VxV_DDuY02--3BwjT9EyyRRd3kz49oOC7B1GFDDn3I1gsuJo-0EDJMZs3D0Nx51XNYxKzC6V1uyQ7cNB9YDlNcIhdqCFyFTru3GUpwetX_iXdDhmSN25SFhC-5x0IIquSpt6E1DMQe7kCQ-hl_lDGy4vfJdmTDIs1RdGcEppZ_nM0SF3Hz2H84lUrzw4gF0pGZbnJD01i56djKMaZUx7qjCzDJT85krdsJQgSJGWEpopMe5jfgT4F5ymxYjsUXF56_xnzQLcnwtvqFANuKxo_ZQcogjuTQg1WaPXfoZjcZVk8MBgPcLX7P3M0dsW7c2xwxUdfolNdS36AZzLlYoUjpgdSukg956LExrNyPjoreY',NULL,'2a9b529ba47fa6c9_1753717422604','backend/downloaded/photos/2a9b529ba47fa6c9_1753717422604','ChIJ6aI8_L7Uf0cRvyJqyTcRugQ'),('2025-07-28 17:43:42.639090',116,'ATKogpdpeuzio0DqS7BwRf5O_I-c_1cbBiBQvaiOR8vFJ0HBy5q0vlzUFadiHh7lrSIUU4BD8URkKhsjjWyealYcLyAgrVXwoxGPEIT_V9UFLPCEy_TV3u_VK2Aayw6jHk9O0tfzJbjDKbyBWHFMV7iTZ2ZXLRT5VhFh_o36wOssj4fyDNEXNAcOqmCwHCgih-lKbbpxsXVL5aKG2t3-Tf_YY3CJjMOkUJEax4oqr3VXqXzYVTbH3dVOSo-RPcEQXl5_zq9fJStZvnE4TG0zYdN-0kKjnsYvxv3ejZJP4Rmk5XwwZex8AvJzQIR6OjFQFzL1K_JCq2KrX0Yio0rW3OuRpI-KiNnCnT-09Z1zB6HTeQCKvpwZ8kPDq9ayD-1JFJzI5B3MIyIGUDFzPz1ccfqdngzOeVa2RGWs5BkHxjd4cpfHqne6lrhB-QD6F5TDOA',NULL,'17e6533d134f427a_1753717422639','backend/downloaded/photos/17e6533d134f427a_1753717422639','ChIJ6aI8_L7Uf0cRvyJqyTcRugQ'),('2025-07-28 17:43:42.584940',117,'ATKogpeB8bUYpbAMOO_jaeCa8E3PEycTGG6vZB7vG9URsUo2AeCxcfb4VekgYinvrqTV5q3PsYCUecCqHVafTOR9JjeYJ2URu5QA_4fQ0rm44gE-0IIgt9pkthToMFOCTZ_xy3KNvRzarK0geGhl-0nU8dUjzwKN2FNMYK-lPj6_pgWF9KekogrkhUyOm_iNywXogTwTy_ACUFSDZcdk1zmWdMo7DZM_nd4uGtyfEi8AnW1VeGjZCY-t2JdnHW8yZzIZHRZNziV2BfSmJf3R0s_honwOuDfQFhN-RB9ND9wEJnFCUw',NULL,'b57648763728c86b_1753717422584','backend/downloaded/photos/b57648763728c86b_1753717422584','ChIJ6aI8_L7Uf0cRvyJqyTcRugQ'),('2025-07-28 17:43:42.623048',118,'ATKogpfAEAUy27sS4REAonbVMs4OdcCU09kmVQ9iOXrFhrBUWIVyvcJxj9tRW-s_iXzI5hWfgBms5owoilmLWy1qD2DyqzhKEYFNAcY8BWoHL2ediSLInqaRqDANkgkO8GoTorPNZDEdpMAFZhK2ozwvTWqHwixaA5a--z9i-7qY84iW5Os3f7Zq9Vjt9G4xz82QLJWOyj1tkZ6OQ58KZ62XELkeKloldYDZoxyL4jrkzhOUDF4gNj6NyyuqUgksdh7nzFP9hsthmOMTOzUpjPx89NtHGzjN3HPd-tjs0b2-luzNtQ',NULL,'9a14e215d8e3584e_1753717422622','backend/downloaded/photos/9a14e215d8e3584e_1753717422622','ChIJ6aI8_L7Uf0cRvyJqyTcRugQ');
/*!40000 ALTER TABLE `photos` ENABLE KEYS */;
UNLOCK TABLES;

--
-- Table structure for table `place_tag`
--

DROP TABLE IF EXISTS `place_tag`;
/*!40101 SET @saved_cs_client     = @@character_set_client */;
/*!50503 SET character_set_client = utf8mb4 */;
CREATE TABLE `place_tag` (
  `tags_id` int NOT NULL,
  `place_id` varchar(255) NOT NULL,
  PRIMARY KEY (`tags_id`,`place_id`),
  KEY `FK8p5apnr1odux56vei9d4mf8j0` (`place_id`),
  CONSTRAINT `FK8p5apnr1odux56vei9d4mf8j0` FOREIGN KEY (`place_id`) REFERENCES `places` (`id`),
  CONSTRAINT `FKi6kc9223kijseblu2nkq97g2c` FOREIGN KEY (`tags_id`) REFERENCES `tags` (`id`)
) ENGINE=InnoDB DEFAULT CHARSET=utf8mb4 COLLATE=utf8mb4_0900_ai_ci;
/*!40101 SET character_set_client = @saved_cs_client */;

--
-- Dumping data for table `place_tag`
--

LOCK TABLES `place_tag` WRITE;
/*!40000 ALTER TABLE `place_tag` DISABLE KEYS */;
INSERT INTO `place_tag` VALUES (1,'ChIJ0xTlcxPGhkcRPOw3DDFtJXw'),(2,'ChIJ0xTlcxPGhkcRPOw3DDFtJXw'),(3,'ChIJ0xTlcxPGhkcRPOw3DDFtJXw'),(4,'ChIJ0xTlcxPGhkcRPOw3DDFtJXw'),(5,'ChIJ0xTlcxPGhkcRPOw3DDFtJXw'),(6,'ChIJ0xTlcxPGhkcRPOw3DDFtJXw'),(7,'ChIJ0xTlcxPGhkcRPOw3DDFtJXw'),(8,'ChIJ0xTlcxPGhkcRPOw3DDFtJXw'),(9,'ChIJ0xTlcxPGhkcRPOw3DDFtJXw'),(10,'ChIJ0xTlcxPGhkcRPOw3DDFtJXw'),(11,'ChIJ0xTlcxPGhkcRPOw3DDFtJXw'),(12,'ChIJ0xTlcxPGhkcRPOw3DDFtJXw'),(13,'ChIJ0xTlcxPGhkcRPOw3DDFtJXw'),(14,'ChIJ0xTlcxPGhkcRPOw3DDFtJXw'),(16,'ChIJ0xTlcxPGhkcRPOw3DDFtJXw'),(17,'ChIJ0xTlcxPGhkcRPOw3DDFtJXw'),(20,'ChIJ0xTlcxPGhkcRPOw3DDFtJXw'),(21,'ChIJ0xTlcxPGhkcRPOw3DDFtJXw'),(22,'ChIJ0xTlcxPGhkcRPOw3DDFtJXw'),(24,'ChIJ0xTlcxPGhkcRPOw3DDFtJXw'),(27,'ChIJ0xTlcxPGhkcRPOw3DDFtJXw'),(1,'ChIJ395RFKqTe0cRFhXWP9TdyGU'),(2,'ChIJ395RFKqTe0cRFhXWP9TdyGU'),(4,'ChIJ395RFKqTe0cRFhXWP9TdyGU'),(5,'ChIJ395RFKqTe0cRFhXWP9TdyGU'),(7,'ChIJ395RFKqTe0cRFhXWP9TdyGU'),(8,'ChIJ395RFKqTe0cRFhXWP9TdyGU'),(10,'ChIJ395RFKqTe0cRFhXWP9TdyGU'),(11,'ChIJ395RFKqTe0cRFhXWP9TdyGU'),(12,'ChIJ395RFKqTe0cRFhXWP9TdyGU'),(13,'ChIJ395RFKqTe0cRFhXWP9TdyGU'),(14,'ChIJ395RFKqTe0cRFhXWP9TdyGU'),(16,'ChIJ395RFKqTe0cRFhXWP9TdyGU'),(17,'ChIJ395RFKqTe0cRFhXWP9TdyGU'),(20,'ChIJ395RFKqTe0cRFhXWP9TdyGU'),(21,'ChIJ395RFKqTe0cRFhXWP9TdyGU'),(24,'ChIJ395RFKqTe0cRFhXWP9TdyGU'),(1,'ChIJ49vS4vCY1RIRu2b1tbdTZlc'),(2,'ChIJ49vS4vCY1RIRu2b1tbdTZlc'),(4,'ChIJ49vS4vCY1RIRu2b1tbdTZlc'),(5,'ChIJ49vS4vCY1RIRu2b1tbdTZlc'),(6,'ChIJ49vS4vCY1RIRu2b1tbdTZlc'),(7,'ChIJ49vS4vCY1RIRu2b1tbdTZlc'),(8,'ChIJ49vS4vCY1RIRu2b1tbdTZlc'),(9,'ChIJ49vS4vCY1RIRu2b1tbdTZlc'),(10,'ChIJ49vS4vCY1RIRu2b1tbdTZlc'),(12,'ChIJ49vS4vCY1RIRu2b1tbdTZlc'),(13,'ChIJ49vS4vCY1RIRu2b1tbdTZlc'),(14,'ChIJ49vS4vCY1RIRu2b1tbdTZlc'),(16,'ChIJ49vS4vCY1RIRu2b1tbdTZlc'),(17,'ChIJ49vS4vCY1RIRu2b1tbdTZlc'),(18,'ChIJ49vS4vCY1RIRu2b1tbdTZlc'),(19,'ChIJ49vS4vCY1RIRu2b1tbdTZlc'),(22,'ChIJ49vS4vCY1RIRu2b1tbdTZlc'),(24,'ChIJ49vS4vCY1RIRu2b1tbdTZlc'),(26,'ChIJ49vS4vCY1RIRu2b1tbdTZlc'),(27,'ChIJ49vS4vCY1RIRu2b1tbdTZlc'),(1,'ChIJ6aI8_L7Uf0cRvyJqyTcRugQ'),(2,'ChIJ6aI8_L7Uf0cRvyJqyTcRugQ'),(4,'ChIJ6aI8_L7Uf0cRvyJqyTcRugQ'),(5,'ChIJ6aI8_L7Uf0cRvyJqyTcRugQ'),(6,'ChIJ6aI8_L7Uf0cRvyJqyTcRugQ'),(7,'ChIJ6aI8_L7Uf0cRvyJqyTcRugQ'),(9,'ChIJ6aI8_L7Uf0cRvyJqyTcRugQ'),(10,'ChIJ6aI8_L7Uf0cRvyJqyTcRugQ'),(11,'ChIJ6aI8_L7Uf0cRvyJqyTcRugQ'),(12,'ChIJ6aI8_L7Uf0cRvyJqyTcRugQ'),(13,'ChIJ6aI8_L7Uf0cRvyJqyTcRugQ'),(14,'ChIJ6aI8_L7Uf0cRvyJqyTcRugQ'),(16,'ChIJ6aI8_L7Uf0cRvyJqyTcRugQ'),(17,'ChIJ6aI8_L7Uf0cRvyJqyTcRugQ'),(19,'ChIJ6aI8_L7Uf0cRvyJqyTcRugQ'),(22,'ChIJ6aI8_L7Uf0cRvyJqyTcRugQ'),(24,'ChIJ6aI8_L7Uf0cRvyJqyTcRugQ'),(25,'ChIJ6aI8_L7Uf0cRvyJqyTcRugQ'),(27,'ChIJ6aI8_L7Uf0cRvyJqyTcRugQ'),(1,'ChIJa9OqzjXBhkcRClFolFwHb48'),(2,'ChIJa9OqzjXBhkcRClFolFwHb48'),(3,'ChIJa9OqzjXBhkcRClFolFwHb48'),(4,'ChIJa9OqzjXBhkcRClFolFwHb48'),(5,'ChIJa9OqzjXBhkcRClFolFwHb48'),(6,'ChIJa9OqzjXBhkcRClFolFwHb48'),(7,'ChIJa9OqzjXBhkcRClFolFwHb48'),(8,'ChIJa9OqzjXBhkcRClFolFwHb48'),(10,'ChIJa9OqzjXBhkcRClFolFwHb48'),(11,'ChIJa9OqzjXBhkcRClFolFwHb48'),(12,'ChIJa9OqzjXBhkcRClFolFwHb48'),(13,'ChIJa9OqzjXBhkcRClFolFwHb48'),(14,'ChIJa9OqzjXBhkcRClFolFwHb48'),(16,'ChIJa9OqzjXBhkcRClFolFwHb48'),(17,'ChIJa9OqzjXBhkcRClFolFwHb48'),(18,'ChIJa9OqzjXBhkcRClFolFwHb48'),(19,'ChIJa9OqzjXBhkcRClFolFwHb48'),(24,'ChIJa9OqzjXBhkcRClFolFwHb48'),(25,'ChIJa9OqzjXBhkcRClFolFwHb48'),(26,'ChIJa9OqzjXBhkcRClFolFwHb48'),(27,'ChIJa9OqzjXBhkcRClFolFwHb48'),(1,'ChIJd1v0xgnEhkcRc8ZQYXM23ic'),(2,'ChIJd1v0xgnEhkcRc8ZQYXM23ic'),(3,'ChIJd1v0xgnEhkcRc8ZQYXM23ic'),(6,'ChIJd1v0xgnEhkcRc8ZQYXM23ic'),(8,'ChIJd1v0xgnEhkcRc8ZQYXM23ic'),(12,'ChIJd1v0xgnEhkcRc8ZQYXM23ic'),(13,'ChIJd1v0xgnEhkcRc8ZQYXM23ic'),(14,'ChIJd1v0xgnEhkcRc8ZQYXM23ic'),(16,'ChIJd1v0xgnEhkcRc8ZQYXM23ic'),(17,'ChIJd1v0xgnEhkcRc8ZQYXM23ic'),(18,'ChIJd1v0xgnEhkcRc8ZQYXM23ic'),(19,'ChIJd1v0xgnEhkcRc8ZQYXM23ic'),(21,'ChIJd1v0xgnEhkcRc8ZQYXM23ic'),(22,'ChIJd1v0xgnEhkcRc8ZQYXM23ic'),(23,'ChIJd1v0xgnEhkcRc8ZQYXM23ic'),(24,'ChIJDzEdJWTne0cRpT374m7RdRY'),(2,'ChIJE1L9XHRtiEcRq5-2iVBlfHY'),(3,'ChIJE1L9XHRtiEcRq5-2iVBlfHY'),(4,'ChIJE1L9XHRtiEcRq5-2iVBlfHY'),(5,'ChIJE1L9XHRtiEcRq5-2iVBlfHY'),(6,'ChIJE1L9XHRtiEcRq5-2iVBlfHY'),(7,'ChIJE1L9XHRtiEcRq5-2iVBlfHY'),(10,'ChIJE1L9XHRtiEcRq5-2iVBlfHY'),(11,'ChIJE1L9XHRtiEcRq5-2iVBlfHY'),(12,'ChIJE1L9XHRtiEcRq5-2iVBlfHY'),(13,'ChIJE1L9XHRtiEcRq5-2iVBlfHY'),(14,'ChIJE1L9XHRtiEcRq5-2iVBlfHY'),(16,'ChIJE1L9XHRtiEcRq5-2iVBlfHY'),(17,'ChIJE1L9XHRtiEcRq5-2iVBlfHY'),(19,'ChIJE1L9XHRtiEcRq5-2iVBlfHY'),(21,'ChIJE1L9XHRtiEcRq5-2iVBlfHY'),(22,'ChIJE1L9XHRtiEcRq5-2iVBlfHY'),(24,'ChIJE1L9XHRtiEcRq5-2iVBlfHY'),(1,'ChIJF1CkkMvGhkcRg501F97uuWc'),(2,'ChIJF1CkkMvGhkcRg501F97uuWc'),(3,'ChIJF1CkkMvGhkcRg501F97uuWc'),(4,'ChIJF1CkkMvGhkcRg501F97uuWc'),(5,'ChIJF1CkkMvGhkcRg501F97uuWc'),(6,'ChIJF1CkkMvGhkcRg501F97uuWc'),(7,'ChIJF1CkkMvGhkcRg501F97uuWc'),(8,'ChIJF1CkkMvGhkcRg501F97uuWc'),(10,'ChIJF1CkkMvGhkcRg501F97uuWc'),(11,'ChIJF1CkkMvGhkcRg501F97uuWc'),(12,'ChIJF1CkkMvGhkcRg501F97uuWc'),(13,'ChIJF1CkkMvGhkcRg501F97uuWc'),(14,'ChIJF1CkkMvGhkcRg501F97uuWc'),(16,'ChIJF1CkkMvGhkcRg501F97uuWc'),(17,'ChIJF1CkkMvGhkcRg501F97uuWc'),(18,'ChIJF1CkkMvGhkcRg501F97uuWc'),(19,'ChIJF1CkkMvGhkcRg501F97uuWc'),(21,'ChIJF1CkkMvGhkcRg501F97uuWc'),(22,'ChIJF1CkkMvGhkcRg501F97uuWc'),(24,'ChIJF1CkkMvGhkcRg501F97uuWc'),(25,'ChIJF1CkkMvGhkcRg501F97uuWc'),(27,'ChIJF1CkkMvGhkcRg501F97uuWc'),(1,'ChIJGTS_wcvGhkcRzftUQwsZxc4'),(2,'ChIJGTS_wcvGhkcRzftUQwsZxc4'),(3,'ChIJGTS_wcvGhkcRzftUQwsZxc4'),(4,'ChIJGTS_wcvGhkcRzftUQwsZxc4'),(5,'ChIJGTS_wcvGhkcRzftUQwsZxc4'),(6,'ChIJGTS_wcvGhkcRzftUQwsZxc4'),(7,'ChIJGTS_wcvGhkcRzftUQwsZxc4'),(10,'ChIJGTS_wcvGhkcRzftUQwsZxc4'),(11,'ChIJGTS_wcvGhkcRzftUQwsZxc4'),(12,'ChIJGTS_wcvGhkcRzftUQwsZxc4'),(13,'ChIJGTS_wcvGhkcRzftUQwsZxc4'),(14,'ChIJGTS_wcvGhkcRzftUQwsZxc4'),(16,'ChIJGTS_wcvGhkcRzftUQwsZxc4'),(17,'ChIJGTS_wcvGhkcRzftUQwsZxc4'),(18,'ChIJGTS_wcvGhkcRzftUQwsZxc4'),(19,'ChIJGTS_wcvGhkcRzftUQwsZxc4'),(21,'ChIJGTS_wcvGhkcRzftUQwsZxc4'),(22,'ChIJGTS_wcvGhkcRzftUQwsZxc4'),(23,'ChIJGTS_wcvGhkcRzftUQwsZxc4'),(26,'ChIJGTS_wcvGhkcRzftUQwsZxc4'),(2,'ChIJjcBseK7GhkcRHlZ7PBALSOU'),(3,'ChIJjcBseK7GhkcRHlZ7PBALSOU'),(4,'ChIJjcBseK7GhkcRHlZ7PBALSOU'),(5,'ChIJjcBseK7GhkcRHlZ7PBALSOU'),(6,'ChIJjcBseK7GhkcRHlZ7PBALSOU'),(7,'ChIJjcBseK7GhkcRHlZ7PBALSOU'),(8,'ChIJjcBseK7GhkcRHlZ7PBALSOU'),(10,'ChIJjcBseK7GhkcRHlZ7PBALSOU'),(11,'ChIJjcBseK7GhkcRHlZ7PBALSOU'),(12,'ChIJjcBseK7GhkcRHlZ7PBALSOU'),(13,'ChIJjcBseK7GhkcRHlZ7PBALSOU'),(14,'ChIJjcBseK7GhkcRHlZ7PBALSOU'),(16,'ChIJjcBseK7GhkcRHlZ7PBALSOU'),(17,'ChIJjcBseK7GhkcRHlZ7PBALSOU'),(22,'ChIJjcBseK7GhkcRHlZ7PBALSOU'),(24,'ChIJjcBseK7GhkcRHlZ7PBALSOU'),(25,'ChIJjcBseK7GhkcRHlZ7PBALSOU'),(2,'ChIJlSM1OxFRFBMRzTX5gjGL4XA'),(3,'ChIJlSM1OxFRFBMRzTX5gjGL4XA'),(4,'ChIJlSM1OxFRFBMRzTX5gjGL4XA'),(5,'ChIJlSM1OxFRFBMRzTX5gjGL4XA'),(6,'ChIJlSM1OxFRFBMRzTX5gjGL4XA'),(7,'ChIJlSM1OxFRFBMRzTX5gjGL4XA'),(8,'ChIJlSM1OxFRFBMRzTX5gjGL4XA'),(9,'ChIJlSM1OxFRFBMRzTX5gjGL4XA'),(10,'ChIJlSM1OxFRFBMRzTX5gjGL4XA'),(11,'ChIJlSM1OxFRFBMRzTX5gjGL4XA'),(12,'ChIJlSM1OxFRFBMRzTX5gjGL4XA'),(13,'ChIJlSM1OxFRFBMRzTX5gjGL4XA'),(14,'ChIJlSM1OxFRFBMRzTX5gjGL4XA'),(16,'ChIJlSM1OxFRFBMRzTX5gjGL4XA'),(17,'ChIJlSM1OxFRFBMRzTX5gjGL4XA'),(22,'ChIJlSM1OxFRFBMRzTX5gjGL4XA'),(24,'ChIJlSM1OxFRFBMRzTX5gjGL4XA'),(1,'ChIJmb6fmJuTe0cRxXcmJY0uM80'),(2,'ChIJmb6fmJuTe0cRxXcmJY0uM80'),(3,'ChIJmb6fmJuTe0cRxXcmJY0uM80'),(4,'ChIJmb6fmJuTe0cRxXcmJY0uM80'),(5,'ChIJmb6fmJuTe0cRxXcmJY0uM80'),(6,'ChIJmb6fmJuTe0cRxXcmJY0uM80'),(7,'ChIJmb6fmJuTe0cRxXcmJY0uM80'),(9,'ChIJmb6fmJuTe0cRxXcmJY0uM80'),(10,'ChIJmb6fmJuTe0cRxXcmJY0uM80'),(11,'ChIJmb6fmJuTe0cRxXcmJY0uM80'),(12,'ChIJmb6fmJuTe0cRxXcmJY0uM80'),(13,'ChIJmb6fmJuTe0cRxXcmJY0uM80'),(14,'ChIJmb6fmJuTe0cRxXcmJY0uM80'),(16,'ChIJmb6fmJuTe0cRxXcmJY0uM80'),(17,'ChIJmb6fmJuTe0cRxXcmJY0uM80'),(19,'ChIJmb6fmJuTe0cRxXcmJY0uM80'),(21,'ChIJmb6fmJuTe0cRxXcmJY0uM80'),(22,'ChIJmb6fmJuTe0cRxXcmJY0uM80'),(24,'ChIJmb6fmJuTe0cRxXcmJY0uM80'),(27,'ChIJmb6fmJuTe0cRxXcmJY0uM80'),(1,'ChIJn6aDl1jHhkcRhzHEKGbHk2o'),(2,'ChIJn6aDl1jHhkcRhzHEKGbHk2o'),(4,'ChIJn6aDl1jHhkcRhzHEKGbHk2o'),(5,'ChIJn6aDl1jHhkcRhzHEKGbHk2o'),(6,'ChIJn6aDl1jHhkcRhzHEKGbHk2o'),(10,'ChIJn6aDl1jHhkcRhzHEKGbHk2o'),(11,'ChIJn6aDl1jHhkcRhzHEKGbHk2o'),(16,'ChIJn6aDl1jHhkcRhzHEKGbHk2o'),(17,'ChIJn6aDl1jHhkcRhzHEKGbHk2o'),(27,'ChIJn6aDl1jHhkcRhzHEKGbHk2o'),(2,'ChIJP4V-BuLDhkcROuVQTRQJuxA'),(3,'ChIJP4V-BuLDhkcROuVQTRQJuxA'),(5,'ChIJP4V-BuLDhkcROuVQTRQJuxA'),(6,'ChIJP4V-BuLDhkcROuVQTRQJuxA'),(7,'ChIJP4V-BuLDhkcROuVQTRQJuxA'),(10,'ChIJP4V-BuLDhkcROuVQTRQJuxA'),(11,'ChIJP4V-BuLDhkcROuVQTRQJuxA'),(12,'ChIJP4V-BuLDhkcROuVQTRQJuxA'),(13,'ChIJP4V-BuLDhkcROuVQTRQJuxA'),(14,'ChIJP4V-BuLDhkcROuVQTRQJuxA'),(16,'ChIJP4V-BuLDhkcROuVQTRQJuxA'),(17,'ChIJP4V-BuLDhkcROuVQTRQJuxA'),(19,'ChIJP4V-BuLDhkcROuVQTRQJuxA'),(21,'ChIJP4V-BuLDhkcROuVQTRQJuxA'),(22,'ChIJP4V-BuLDhkcROuVQTRQJuxA'),(27,'ChIJP4V-BuLDhkcROuVQTRQJuxA'),(1,'ChIJP6kN8nbqe0cR_IRS4e3wy-Q'),(2,'ChIJP6kN8nbqe0cR_IRS4e3wy-Q'),(3,'ChIJP6kN8nbqe0cR_IRS4e3wy-Q'),(4,'ChIJP6kN8nbqe0cR_IRS4e3wy-Q'),(5,'ChIJP6kN8nbqe0cR_IRS4e3wy-Q'),(6,'ChIJP6kN8nbqe0cR_IRS4e3wy-Q'),(7,'ChIJP6kN8nbqe0cR_IRS4e3wy-Q'),(8,'ChIJP6kN8nbqe0cR_IRS4e3wy-Q'),(9,'ChIJP6kN8nbqe0cR_IRS4e3wy-Q'),(10,'ChIJP6kN8nbqe0cR_IRS4e3wy-Q'),(11,'ChIJP6kN8nbqe0cR_IRS4e3wy-Q'),(12,'ChIJP6kN8nbqe0cR_IRS4e3wy-Q'),(13,'ChIJP6kN8nbqe0cR_IRS4e3wy-Q'),(14,'ChIJP6kN8nbqe0cR_IRS4e3wy-Q'),(16,'ChIJP6kN8nbqe0cR_IRS4e3wy-Q'),(17,'ChIJP6kN8nbqe0cR_IRS4e3wy-Q'),(21,'ChIJP6kN8nbqe0cR_IRS4e3wy-Q'),(22,'ChIJP6kN8nbqe0cR_IRS4e3wy-Q'),(24,'ChIJP6kN8nbqe0cR_IRS4e3wy-Q'),(25,'ChIJP6kN8nbqe0cR_IRS4e3wy-Q'),(1,'ChIJpyVSCfGh1RIRxaK3knrNlYU'),(2,'ChIJpyVSCfGh1RIRxaK3knrNlYU'),(3,'ChIJpyVSCfGh1RIRxaK3knrNlYU'),(4,'ChIJpyVSCfGh1RIRxaK3knrNlYU'),(5,'ChIJpyVSCfGh1RIRxaK3knrNlYU'),(6,'ChIJpyVSCfGh1RIRxaK3knrNlYU'),(7,'ChIJpyVSCfGh1RIRxaK3knrNlYU'),(8,'ChIJpyVSCfGh1RIRxaK3knrNlYU'),(9,'ChIJpyVSCfGh1RIRxaK3knrNlYU'),(10,'ChIJpyVSCfGh1RIRxaK3knrNlYU'),(11,'ChIJpyVSCfGh1RIRxaK3knrNlYU'),(12,'ChIJpyVSCfGh1RIRxaK3knrNlYU'),(13,'ChIJpyVSCfGh1RIRxaK3knrNlYU'),(14,'ChIJpyVSCfGh1RIRxaK3knrNlYU'),(16,'ChIJpyVSCfGh1RIRxaK3knrNlYU'),(17,'ChIJpyVSCfGh1RIRxaK3knrNlYU'),(18,'ChIJpyVSCfGh1RIRxaK3knrNlYU'),(19,'ChIJpyVSCfGh1RIRxaK3knrNlYU'),(21,'ChIJpyVSCfGh1RIRxaK3knrNlYU'),(22,'ChIJpyVSCfGh1RIRxaK3knrNlYU'),(24,'ChIJpyVSCfGh1RIRxaK3knrNlYU'),(27,'ChIJpyVSCfGh1RIRxaK3knrNlYU'),(1,'ChIJRx1ww4TGhkcRLFUckuKI_jU'),(2,'ChIJRx1ww4TGhkcRLFUckuKI_jU'),(3,'ChIJRx1ww4TGhkcRLFUckuKI_jU'),(4,'ChIJRx1ww4TGhkcRLFUckuKI_jU'),(5,'ChIJRx1ww4TGhkcRLFUckuKI_jU'),(6,'ChIJRx1ww4TGhkcRLFUckuKI_jU'),(7,'ChIJRx1ww4TGhkcRLFUckuKI_jU'),(8,'ChIJRx1ww4TGhkcRLFUckuKI_jU'),(10,'ChIJRx1ww4TGhkcRLFUckuKI_jU'),(11,'ChIJRx1ww4TGhkcRLFUckuKI_jU'),(12,'ChIJRx1ww4TGhkcRLFUckuKI_jU'),(14,'ChIJRx1ww4TGhkcRLFUckuKI_jU'),(16,'ChIJRx1ww4TGhkcRLFUckuKI_jU'),(17,'ChIJRx1ww4TGhkcRLFUckuKI_jU'),(22,'ChIJRx1ww4TGhkcRLFUckuKI_jU'),(24,'ChIJRx1ww4TGhkcRLFUckuKI_jU'),(27,'ChIJRx1ww4TGhkcRLFUckuKI_jU'),(2,'ChIJsRJsqYegLhMRf_g7sRzBKtE'),(3,'ChIJsRJsqYegLhMRf_g7sRzBKtE'),(4,'ChIJsRJsqYegLhMRf_g7sRzBKtE'),(5,'ChIJsRJsqYegLhMRf_g7sRzBKtE'),(6,'ChIJsRJsqYegLhMRf_g7sRzBKtE'),(7,'ChIJsRJsqYegLhMRf_g7sRzBKtE'),(8,'ChIJsRJsqYegLhMRf_g7sRzBKtE'),(10,'ChIJsRJsqYegLhMRf_g7sRzBKtE'),(11,'ChIJsRJsqYegLhMRf_g7sRzBKtE'),(12,'ChIJsRJsqYegLhMRf_g7sRzBKtE'),(13,'ChIJsRJsqYegLhMRf_g7sRzBKtE'),(14,'ChIJsRJsqYegLhMRf_g7sRzBKtE'),(16,'ChIJsRJsqYegLhMRf_g7sRzBKtE'),(17,'ChIJsRJsqYegLhMRf_g7sRzBKtE'),(18,'ChIJsRJsqYegLhMRf_g7sRzBKtE'),(19,'ChIJsRJsqYegLhMRf_g7sRzBKtE'),(22,'ChIJsRJsqYegLhMRf_g7sRzBKtE'),(24,'ChIJsRJsqYegLhMRf_g7sRzBKtE'),(1,'ChIJTf9tskEIOxMRZbTH0HvMoLs'),(2,'ChIJTf9tskEIOxMRZbTH0HvMoLs'),(4,'ChIJTf9tskEIOxMRZbTH0HvMoLs'),(5,'ChIJTf9tskEIOxMRZbTH0HvMoLs'),(6,'ChIJTf9tskEIOxMRZbTH0HvMoLs'),(7,'ChIJTf9tskEIOxMRZbTH0HvMoLs'),(8,'ChIJTf9tskEIOxMRZbTH0HvMoLs'),(10,'ChIJTf9tskEIOxMRZbTH0HvMoLs'),(11,'ChIJTf9tskEIOxMRZbTH0HvMoLs'),(12,'ChIJTf9tskEIOxMRZbTH0HvMoLs'),(14,'ChIJTf9tskEIOxMRZbTH0HvMoLs'),(16,'ChIJTf9tskEIOxMRZbTH0HvMoLs'),(17,'ChIJTf9tskEIOxMRZbTH0HvMoLs'),(24,'ChIJTf9tskEIOxMRZbTH0HvMoLs'),(27,'ChIJTf9tskEIOxMRZbTH0HvMoLs'),(28,'ChIJTf9tskEIOxMRZbTH0HvMoLs'),(1,'ChIJUUjCi7bHhkcRnFM4XCEBzuw'),(2,'ChIJUUjCi7bHhkcRnFM4XCEBzuw'),(3,'ChIJUUjCi7bHhkcRnFM4XCEBzuw'),(4,'ChIJUUjCi7bHhkcRnFM4XCEBzuw'),(5,'ChIJUUjCi7bHhkcRnFM4XCEBzuw'),(6,'ChIJUUjCi7bHhkcRnFM4XCEBzuw'),(7,'ChIJUUjCi7bHhkcRnFM4XCEBzuw'),(8,'ChIJUUjCi7bHhkcRnFM4XCEBzuw'),(10,'ChIJUUjCi7bHhkcRnFM4XCEBzuw'),(11,'ChIJUUjCi7bHhkcRnFM4XCEBzuw'),(12,'ChIJUUjCi7bHhkcRnFM4XCEBzuw'),(13,'ChIJUUjCi7bHhkcRnFM4XCEBzuw'),(14,'ChIJUUjCi7bHhkcRnFM4XCEBzuw'),(16,'ChIJUUjCi7bHhkcRnFM4XCEBzuw'),(17,'ChIJUUjCi7bHhkcRnFM4XCEBzuw'),(21,'ChIJUUjCi7bHhkcRnFM4XCEBzuw'),(22,'ChIJUUjCi7bHhkcRnFM4XCEBzuw'),(25,'ChIJUUjCi7bHhkcRnFM4XCEBzuw'),(1,'ChIJVTkQgThgLxMRWM0saoiZzkA'),(2,'ChIJVTkQgThgLxMRWM0saoiZzkA'),(3,'ChIJVTkQgThgLxMRWM0saoiZzkA'),(4,'ChIJVTkQgThgLxMRWM0saoiZzkA'),(5,'ChIJVTkQgThgLxMRWM0saoiZzkA'),(6,'ChIJVTkQgThgLxMRWM0saoiZzkA'),(7,'ChIJVTkQgThgLxMRWM0saoiZzkA'),(8,'ChIJVTkQgThgLxMRWM0saoiZzkA'),(9,'ChIJVTkQgThgLxMRWM0saoiZzkA'),(10,'ChIJVTkQgThgLxMRWM0saoiZzkA'),(11,'ChIJVTkQgThgLxMRWM0saoiZzkA'),(12,'ChIJVTkQgThgLxMRWM0saoiZzkA'),(13,'ChIJVTkQgThgLxMRWM0saoiZzkA'),(14,'ChIJVTkQgThgLxMRWM0saoiZzkA'),(16,'ChIJVTkQgThgLxMRWM0saoiZzkA'),(17,'ChIJVTkQgThgLxMRWM0saoiZzkA'),(19,'ChIJVTkQgThgLxMRWM0saoiZzkA'),(22,'ChIJVTkQgThgLxMRWM0saoiZzkA'),(24,'ChIJVTkQgThgLxMRWM0saoiZzkA'),(26,'ChIJVTkQgThgLxMRWM0saoiZzkA'),(27,'ChIJVTkQgThgLxMRWM0saoiZzkA'),(2,'ChIJX98BmT9VKhMReqQaTWNjkvY'),(3,'ChIJX98BmT9VKhMReqQaTWNjkvY'),(4,'ChIJX98BmT9VKhMReqQaTWNjkvY'),(5,'ChIJX98BmT9VKhMReqQaTWNjkvY'),(6,'ChIJX98BmT9VKhMReqQaTWNjkvY'),(7,'ChIJX98BmT9VKhMReqQaTWNjkvY'),(8,'ChIJX98BmT9VKhMReqQaTWNjkvY'),(10,'ChIJX98BmT9VKhMReqQaTWNjkvY'),(11,'ChIJX98BmT9VKhMReqQaTWNjkvY'),(12,'ChIJX98BmT9VKhMReqQaTWNjkvY'),(13,'ChIJX98BmT9VKhMReqQaTWNjkvY'),(14,'ChIJX98BmT9VKhMReqQaTWNjkvY'),(16,'ChIJX98BmT9VKhMReqQaTWNjkvY'),(17,'ChIJX98BmT9VKhMReqQaTWNjkvY'),(21,'ChIJX98BmT9VKhMReqQaTWNjkvY'),(24,'ChIJX98BmT9VKhMReqQaTWNjkvY'),(26,'ChIJX98BmT9VKhMReqQaTWNjkvY');
/*!40000 ALTER TABLE `place_tag` ENABLE KEYS */;
UNLOCK TABLES;

--
-- Table structure for table `places`
--

DROP TABLE IF EXISTS `places`;
/*!40101 SET @saved_cs_client     = @@character_set_client */;
/*!50503 SET character_set_client = utf8mb4 */;
CREATE TABLE `places` (
  `blacklist` bit(1) DEFAULT NULL,
  `cap` int DEFAULT NULL,
  `is_edited` bit(1) DEFAULT NULL,
  `latitude` double DEFAULT NULL,
  `longitude` double DEFAULT NULL,
  `rating` double DEFAULT NULL,
  `review_number` int DEFAULT NULL,
  `cover_image_name` varchar(500) DEFAULT NULL,
  `address` varchar(255) DEFAULT NULL,
  `adress_number` varchar(255) DEFAULT NULL,
  `city` varchar(255) DEFAULT NULL,
  `google_mapsurl` varchar(255) DEFAULT NULL,
  `id` varchar(255) NOT NULL,
  `main_category` varchar(255) DEFAULT NULL,
  `name` varchar(255) DEFAULT NULL,
  `nation` varchar(255) DEFAULT NULL,
  `phone_number` varchar(255) DEFAULT NULL,
  `plateformid` varchar(255) DEFAULT NULL,
  `plateformurl` varchar(255) DEFAULT NULL,
  `price_range` varchar(255) DEFAULT NULL,
  `province` varchar(255) DEFAULT NULL,
  `region` varchar(255) DEFAULT NULL,
  `slug_name` varchar(255) DEFAULT NULL,
  `web_siteurl` varchar(255) DEFAULT NULL,
  PRIMARY KEY (`id`),
  KEY `idx_places_name_fulltext` (`name`),
  FULLTEXT KEY `name` (`name`)
) ENGINE=InnoDB DEFAULT CHARSET=utf8mb4 COLLATE=utf8mb4_0900_ai_ci;
/*!40101 SET character_set_client = @saved_cs_client */;

--
-- Dumping data for table `places`
--

LOCK TABLES `places` WRITE;
/*!40000 ALTER TABLE `places` DISABLE KEYS */;
INSERT INTO `places` VALUES (_binary '\0',20134,_binary '\0',45.4707921,9.255627900000002,4,3986,'ATKogpd8DvkSK2Gc76VTcul6bKsNM8kzV8judXbmN7p3XQMq7qGZ8ETN8GobdYnNHtkK_usL3Bf3sSNAUegzD5qFsA3sIGkHHFyBXX7XQZm68P9jyYn1h84LJB2fi4GBYkUguC74vNYz5JH3w-YDpK0HOqXDM9330mJjhM9VVJ2bnN6EgXIaVkRxx_Ni26LP-No5XGZeQnUZpw6QE150OkxZXvuPtgRSJa3FnsroHdLeJZ2TCJB9cNlxDFD7GSRd6ZDZ3BqDFEHFcx8zLxzWmCwfZ1B8WsjGdnvbTyUOHObE0m4gJw','Via Privata Taverna','2','Milano','https://maps.google.com/?cid=8945676292267174972&g_mp=CiVnb29nbGUubWFwcy5wbGFjZXMudjEuUGxhY2VzLkdldFBsYWNlEAAYBCAA','ChIJ0xTlcxPGhkcRPOw3DDFtJXw','Restaurant','El Galet','Italy','+39 375 515 1997','','https://elgaletmilano.plateform.app','moderate','MI','Lombardia','el-galet','https://www.elgalet.it/'),(_binary '\0',33054,_binary '\0',45.650843099999996,13.0917453,4.5,1534,'KAAUHHJhALiFc80O6C9y8ML0hVgz4iUgykNmNXJbZiJo6kI7St6xxSbhhSzkFPeLBi93VW3gS-EOIoLJ-AnYNTDZGNQqZJHNhoPs7xZZwTcbdMgFf98yRUKXngQYNwMVhQ96eCYyygTzmTlR-RUqCefD2ZTKvGFtWJgmHH-H5Isd-uiq2ISK0IqsYhBQnag9tC9UtWKcO9NwoFuCrybjrLx1TXVoLHFbistfGvI3mdNlwZBqITYoFBQ4SpnX6O-i1FGGoZZYodP7W_yKAQVAO1s00EPtGzcnnWTLk7y5-PpMoP7LwT','Corso dei Continenti','167','Lignano Sabbiadoro','https://maps.google.com/?cid=7334355896846652694&g_mp=CiVnb29nbGUubWFwcy5wbGFjZXMudjEuUGxhY2VzLkdldFBsYWNlEAAYBCAA','ChIJ395RFKqTe0cRFhXWP9TdyGU','Restaurant','Al Cason','Italy','+39 0431 423029','','','expensive','UD','Friuli-Venezia Giulia','al-cason','http://www.ristorantealcason.it/'),(_binary '\0',55049,_binary '\0',43.8669067,10.2488195,4.6,1855,'ATKogpdWzXlZF28SeukkpNlagkiYr75jcgPn_HocWcha7BPCxSm8yD7rdKmXONNnegTlFUVJdG2k2Xnb3zgOsvkfeui3ReozbG9LuNsPVN__-Mckmx-LNIxU79fCpyjuYTPWxKn8BTRGouU_se-b9rTofQdSy0XrflcHWjIkE0wu1rG8VuJzKDMIReBFIq5uPBi3vANCFAxFqwyg2H_iV9AR4c49H90gwVtn6scwHUByR9kqjs4rR2I1HqhQYYIoxcZEcIlNo7PvD3QJ5PG8LxZ58-QrpptTDuG5unx2Hwl-ypZWVQ','Corso Giuseppe Garibaldi','85','Viareggio','https://maps.google.com/?cid=6297813177421096635&g_mp=CiVnb29nbGUubWFwcy5wbGFjZXMudjEuUGxhY2VzLkdldFBsYWNlEAAYBCAA','ChIJ49vS4vCY1RIRu2b1tbdTZlc','Sandwich Shop','Adone Viareggio','Italy','+39 0584 49836','','','inexpensive','LU','Toscana','adone-viareggio','https://paninotecaadone.it/'),(_binary '\0',40124,_binary '\0',44.4931954,11.3462672,4.5,9077,'D0Nx51XNYxKzC6V1uyQ7cNB9YDlNcIhdqCFyFTru3GUpwetX_iXdDhmSN25SFhC-5x0IIquSpt6E1DMQe7kCQ-hl_lDGy4vfJdmTDIs1RdGcEppZ_nM0SF3Hz2H84lUrzw4gF0pGZbnJD01i56djKMaZUx7qjCzDJT85krdsJQgSJGWEpopMe5jfgT4F5ymxYjsUXF56_xnzQLcnwtvqFANuKxo_ZQcogjuTQg1WaPXfoZjcZVk8MBgPcLX7P3M0dsW7c2xwxUdfolNdS36AZzLlYoUjpgdSukg956LExrNyPjoreY','Via Castiglione','5/b','Bologna','https://maps.google.com/?cid=340603653119943359&g_mp=CiVnb29nbGUubWFwcy5wbGFjZXMudjEuUGxhY2VzLkdldFBsYWNlEAAYBCAA','ChIJ6aI8_L7Uf0cRvyJqyTcRugQ','Restaurant','Sfoglia Rina','Italy','+39 051 991 1710','','','moderate','BO','Emilia-Romagna','sfoglia-rina','http://www.sfogliarina.it/contatti'),(_binary '\0',20126,_binary '\0',45.5150696,9.2117174,4,1240,'os/ATKogpeIpARV0_NelHjqeR2GI2PD1BtYw8yUS5J3GHM4HGyrkU3UKeeA1a6YSszEp1P2SabBEAsviDq-GilmsaGy57v0qYaG_uJ6omF7gPYn74UI06U_ZY6kP2Oeazh3kUUGKbzn4AtjQ8k1xnsIV-qOF2eABSZ75CzMehBOuiDes_zK_kXnAvO4RiJCcc5-WsWR79ra6Ib0jVJ9TBGUfAUiOqLwumzeL1IUTkP7js0G8kWZjG9rzo4jx3FbkFvpB_jeqU9riqlYEPNvZNoZQASAH56sZk8zrL4bgknJScTcIW8','Piazza della Trivulziana','5','Milano','https://maps.google.com/?cid=10335487764046827786&g_mp=CiVnb29nbGUubWFwcy5wbGFjZXMudjEuUGxhY2VzLkdldFBsYWNlEAAYBCAA','ChIJa9OqzjXBhkcRClFolFwHb48','Restaurant','Fancytoast | Bicocca','Italy','+39 02 3824 4262','','https://fancytoast.plateform.app','moderate','MI','Lombardia','fancytoast-bicocca','https://fancytoast.it/?utm_source=googlemybusiness&utm_campaign=localmarketing&utm_medium=localrecord'),(_binary '\0',20136,_binary '\0',45.4462495,9.179226400000001,4.3,1327,'ATKogpfeTaOPL6yUwxj6E4Oi-XE7BHA5mGYjQ1cq-mCtKIKNXwgyVgAVDwNLHnhzk1ydj-dcyNB3ZMw0kx7DUTrdWk8XDZ4VHXRaKVS6j-cOM6GS42W3yz4azVl5_8lui3J-7JJSj9R0BWXS6D9vVe7RsdNqsQMU1EbsDo3O5uu4KgAGmLGToXSTpCMUZwVl7jD7iAY0kT0D1EvZES3DWkLcxDx2ZbeBxpxFtH1FfDGgilUpZHrlGL5V2XoCDE_MqKLtwVfkZWuFYf_cx82aQV8VnZkswyYxqnmyz8BpcdRyMOPglA','Via Evangelista Torricelli','1','Milano','https://maps.google.com/?cid=2872793481490777715&g_mp=CiVnb29nbGUubWFwcy5wbGFjZXMudjEuUGxhY2VzLkdldFBsYWNlEAAYBCAA','ChIJd1v0xgnEhkcRc8ZQYXM23ic','Pub','La Belle Alliance','Italy','+39 02 9924 6410','','https://labellealliance.plateform.app','moderate','MI','Lombardia','la-belle-alliance','http://www.labellealliance.it/'),(_binary '\0',30026,_binary '\0',45.785857299999996,12.830914,3.9,561,'ATKogpffcSCYG6f0Hy6RFsk6sBtM2xy3v1k0zFJkaSkvERAJDvSBKF7QKIryPTFr7Tkt6qxV7UYQ73Pj79imvihNtMD28CQI55hgKYtO4askcTMNXd534cXbeyoQKxaVqvrPUQDsVq8S3S9jTkO_pPGnY5hbvPF1UMYsfgdTwX2oAJ3KDcoT2lR3P63WFc0Bm_530VHSPxa_GCo0VirW3N1uuAkDwDpokooXX0ppCUhj8zLj_oGmgNLhSwoyVUfKShmc_PhFga4QcEKZlsDlRhArDuQN7mfFsYrfAegz6bIS0crxrQ','Viale Pordenone','46','Portogruaro','https://maps.google.com/?cid=1618429915294285221&g_mp=CiVnb29nbGUubWFwcy5wbGFjZXMudjEuUGxhY2VzLkdldFBsYWNlEAAYBCAA','ChIJDzEdJWTne0cRpT374m7RdRY','Hotel','Hotel alla Botte','Italy','+39 0421 760122','','',NULL,'VE','Veneto','hotel-alla-botte','http://www.allabotte.it/'),(_binary '\0',10122,_binary '\0',45.076219599999995,7.6779309,4.7,1643,'91ZDck1MJ6Xs_W7S7K9U_or7ql9yJ6yUfJwQ35mVs6ZAT6RsPZApS8fL_G0IhHaND-c3fI2mlHkuEu-m_iFV5uCyB37x8KrNYj8Jh-i_qgDluQrXAoAO-0tWSMl3xEVFt1DvKY7bJ97zcuZWNam__e4CsUXoCyd3DeF6NaIoDZpZKEVnp1BcBcZak9MbrtF9WL37T2Alw3YGazkyojeZgLRH_haSTcnL0XP5RpPGP01K_cC81TZYhF9f7wSW2wObYYANM5g57naK3NKAqnpojf282JH45a84eXijcnulJSRx06SqVI','Via Santa Chiara','13','Torino','https://maps.google.com/?cid=8537810390169853867&g_mp=CiVnb29nbGUubWFwcy5wbGFjZXMudjEuUGxhY2VzLkdldFBsYWNlEAAYBCAA','ChIJE1L9XHRtiEcRq5-2iVBlfHY','Italian Restaurant','La Taverna Dei Mercanti','Italy','+39 011 521 2017','','','moderate','TO','Piemonte','la-taverna-dei-mercanti',''),(_binary '\0',20124,_binary '\0',45.480682599999994,9.1926581,4.2,1674,'ATKogpff7tvsTTrd4c4-0Mpq14cRdS74-87sy816le9etjmH5tGclVxGpIZbK_o4fi5rLMQpt_ZRi7UmUdrDxSU5HYX2eTOG1jpAUMoedRBTrrdB-cBurZ3YX87Vu0l6hLuX8_0pbr8e3FqWx2l4MV2wpPM_aAVyFL2kvE1UUZivYG9uxG-PDS_iFKdHq4mrnNRFhOqRMCvBy9t24UMYpBRVWB-bx6Y7cf0eI6rqxCsREUygY4Tz5CZZq8RTKbm5OCJzNofH5n1JmVPgZBflp5VBsSwbOEcWy9RPGHmFehsrW891vQ','Via Amerigo Vespucci','1','Milano','https://maps.google.com/?cid=7474267694237588867&g_mp=CiVnb29nbGUubWFwcy5wbGFjZXMudjEuUGxhY2VzLkdldFBsYWNlEAAYBCAA','ChIJF1CkkMvGhkcRg501F97uuWc','Pizza Restaurant','Amami Ristorante Pizzeria Caff','Italy','+39 02 6556 0388','','https://amami.plateform.app','moderate','MI','Lombardia','amami-ristorante-pizzeria-caffe','http://www.amamiristorante.com/'),(_binary '\0',20124,_binary '\0',45.4801852,9.193398499999999,4.4,2370,'ATKogpfUEUYXuWottjdf3XrFowOp4FlppjbNiUdq8M6L_3b4XgzsocfUyU05s0mG0BxPP3GS-lVops4P70kfmH3FhGw1g_HP8KdWdFfDe8ksnfKEl6kW00igpimRAqvUDTMMQDpCXnES0L-JO67WNQPpkcdS-i6sqLsVTDCYqbAwNBpwD838VTDDib37yeIzar4BCxqwvALOwUdx94X9GBtvTWJ4m9oSA5JKeriUjYK3L6I9Xd7Cm0NMAGogP0ctrFdPnvzcHEvxCBUUVvdQCAH_AI-Ra_JBAa5-Yeko4Lo8htOeIA','Viale Monte Santo','12','Milano','https://maps.google.com/?cid=14899342478390131661&g_mp=CiVnb29nbGUubWFwcy5wbGFjZXMudjEuUGxhY2VzLkdldFBsYWNlEAAYBCAA','ChIJGTS_wcvGhkcRzftUQwsZxc4','Bar','The Friends Pub Milano','Italy','+39 02 2900 5315','','https://thefriendspub.plateform.app','moderate','MI','Lombardia','the-friends-pub-milano','http://www.thefriendspubmilano.it/'),(_binary '',20124,_binary '\0',45.487196399999995,9.2031581,5,1,'ATKogpdrLlDVdzUOT92lS4EZQZBrffSCEmYcY9wdcXgqFhwN7d7o89NCuwBf_cLfk_gzCcAYtx2eTWJFLHblzKqur9myw3Cc3Scy-RDlS1Cw4aMB8qoeHLY7OGL3nLySEa28WtbrYKe8TSQPG_CkubTIHOEoyrFzYgRzAOKxqnBt4797E42r482sNmFlwWXTMShIRUCtTWO0N3Sv--yCZXSslL1LLuw0tg77gtbR1NWTiSI27ol7SHqpUwgB4qVheSDTEX7F6jUeu2tdnKT9gbarHa4tS7hd2j6oiMfpEO7sYO1YNA','Piazza IV Novembre','4','Milano','https://maps.google.com/?cid=68910494642404490&g_mp=CiVnb29nbGUubWFwcy5wbGFjZXMudjEuUGxhY2VzLkdldFBsYWNlEAAYBCAA','ChIJGYaN8qfHhkcRivx00rrR9AA','Consultant','INVEST CONSULTING','Italy','+39 0187 558573','','',NULL,'MI','Lombardia','invest-consulting','http://www.investconsulting.it/'),(_binary '\0',20121,_binary '\0',45.4660612,9.1899193,4.5,5477,'WkyKdPtrpz1YZyUY89-8XoIGqQVSS9mxS0rkgBhZkbBzy8krGPiCn6BRfWuArdDDwC5K2JerZf3EKz4Ahq5G8lxlykMNvI45PsK0S9Z4caeYHylTJn4tFt51wdJnSYOVC3biWly-pzl6ssVfCU8JkPyft-TAOMuobA6lv4i9RaU2kRgIye9fMneeqEbNm_gu-C_E0F7w_IQaqqOg8Sr40hb6VBFk_qKOGPP3G_8q3rAGUvIXWUDauyMKtMaOH6skESxcssYAp0-TBEA2aJMhwr7tUQhGHgl7onSvq0NFEjQCxZ9s_x','Galleria Vittorio Emanuele II','75','Milano','https://maps.google.com/?cid=16521467397370762782&g_mp=CiVnb29nbGUubWFwcy5wbGFjZXMudjEuUGxhY2VzLkdldFBsYWNlEAAYBCAA','ChIJjcBseK7GhkcRHlZ7PBALSOU','Italian Restaurant','Ristorante Galleria','Italy','+39 02 8646 4912','','','expensive','MI','Lombardia','ristorante-galleria','https://ristorantegalleria.it/'),(_binary '\0',89134,_binary '\0',38.0356528,15.656314600000002,4.6,1058,'Q00sZOaJkJVS4OYHmW72uxAsF2K76ZeSP52IFgdL8CvYJDQdQq4aoFENXHjmJrnn7G2GSYtYtkSTOqXbc6aH-9iPZhgc1rIaDgz2Cx6eHL2CwUUy70EfIx81zISArlBkyM9L0ZqiEdpg17IpKOJmNj-02ubd04e0G_LNv5FPi6J8kXk3QQ3cfG33nUk_6pWTq9qL9BN1Ew9goXYTc5uaXqh6VH1yKFXjdnBhCCHafugda2w8eowWjs8UZvH6hhJUgfXDnPpJ5AVY2EcD0B540wRlj27MZgDGp-98gpHAaLdjPdqVYx','Lungomare di Pellaro','67','Reggio di Calabria','https://maps.google.com/?cid=8133935446774855117&g_mp=CiVnb29nbGUubWFwcy5wbGFjZXMudjEuUGxhY2VzLkdldFBsYWNlEAAYBCAA','ChIJlSM1OxFRFBMRzTX5gjGL4XA','Seafood Restaurant','Ristorante La Capanna','Italy','+39 0965 674021','','','moderate','RC','Calabria','ristorante-la-capanna',''),(_binary '\0',33054,_binary '\0',45.6714519,13.108744,4.2,8711,'Mh00Imi4PcaeXrcOPqDdhRTz8TCg4dveszi6P8x6y2NXohYbyLDhE4ytPM5Bs5tpAhGI3hHWBGHEMUt_s3iKgatVYalryF3HRvh1S6B202NXMLwx5LtU89HcmsF1KeoTd20VOXXP-azE5tryFcXkvD43Gy_8WH0wmaprJTRnejlZLb2h_zjWexnn51w0MMQplqiu6p4uFLvZiNzyfDgxVj8jdBbfRZATgFJZipoZsN7g5xv6ZN_Z1jGKPtVmmrvuS_K5kS_38BYXHjqtvpEpR-JCOFslPxolVsIepnqWLi4a1qqMaw','Corso degli Alisei','12','Lignano Sabbiadoro','https://maps.google.com/?cid=14786213185336014789&g_mp=CiVnb29nbGUubWFwcy5wbGFjZXMudjEuUGxhY2VzLkdldFBsYWNlEAAYBCAA','ChIJmb6fmJuTe0cRxXcmJY0uM80','Restaurant','Ristorante La Botte','Italy','+39 0431 422183','','','inexpensive','UD','Friuli-Venezia Giulia','ristorante-la-botte','http://www.labottelignano.com/'),(_binary '\0',20126,_binary '\0',45.5150696,9.2117174,3.2,77,'CkWjEKB9p1GxJVqReu9Z05qPIWs0nUVK-5ZDRjyEtn8MoHAUkWX64DUHLqPptRvM8gr85Nh4TR3VuXLdDOMMyzS0-AepbPFBVe03tGw_Th3I09crlE1QjJZ0lQKk0YPI3kxoInTpncBQKDfwEerdvYcXZw87YnLwZZQ3bVbFefhKKlpW-P7zsellwpukeoHaNco9lwX-reVYfAd5_ZOQD2cK1V0Lp97rXkWdxMnBIZpWVVovXVCLkX-fyepdguIixi3neBVG-t2Cdtf11I_CJ3pU5XtiH5AQ39Yk-ctsG8vY3nFLTI','Piazza della Trivulziana','5','Milano','https://maps.google.com/?cid=7679701031181365639&g_mp=CiVnb29nbGUubWFwcy5wbGFjZXMudjEuUGxhY2VzLkdldFBsYWNlEAAYBCAA','ChIJn6aDl1jHhkcRhzHEKGbHk2o','Restaurant','hookipa poke','Italy','+39 02 4966 9025','','',NULL,'MI','Lombardia','hookipa-poke','http://hookipapoke.it/'),(_binary '\0',20144,_binary '\0',45.459385000000005,9.165192,4.7,378,'ATKogpdrSHEzu87wKyv0yAYO-_89d3yUiw3kRwp8NVfT06bvGcLjqYulnPNp_vwk49xA0oDgxtYDQP9ikkuHIfFBvvpLCWS3oz3wBUdajqwR1gGyfqSFbUKofuRZZ_H-JdKT-ivxu9fr59pv0Bm7HdFFcPYFeWL3SkA7_Kpx6PvrFFQl3muwce1gtVUFEZgMXwrbne0SfZtBPiTkdwmKWNEh-gMIUNdGiVpMlpQ8rIzIh64gP9Dz8Smyu3lW4A997ZMN_NPA0B-Ia3jrT0Z8QmCV7SAxsYuDRrwYc0UrfY-69H5nFA','Via Vincenzo Foppa','4','Milano','https://maps.google.com/?cid=1205567308052882746&g_mp=CiVnb29nbGUubWFwcy5wbGFjZXMudjEuUGxhY2VzLkdldFBsYWNlEAAYBCAA','ChIJP4V-BuLDhkcROuVQTRQJuxA','Restaurant','Linearetta','Italy','+39 345 728 1343','','https://linearetta.plateform.app','inexpensive','MI','Lombardia','linearetta','http://www.linearetta.it/'),(_binary '\0',33053,_binary '\0',45.7846087,13.0225028,4.3,287,'xbMUJkmOz5YbP4lV8UlsyEFNLblqEXrzPmc_B7mWKhspZvYAADMI9meguAMKidehy1gFy-KyDqHjGxqHrkFMl1tnMyuLgss8NavObcGRtMeq6AC06hKmY9btBN1g5vhOoYYIxBuK-TYyDnWO80LmBUat-kFB5rQTubo_0_ZQlrooYxrVuBXZgIZRyxI7mg-j-OBMq5xu0eFaYFZ5PJgn_Ali1eVeBTY3LWdUtwNZ4MzrS34lWDG30KNAb9uwBAVEbfzyC390OjztLLr8te152UpvND2vkRqyaFZmSaTO6PoYIIGjiE','Via Lignano Nord','16','Latisana','https://maps.google.com/?cid=16486535765398029564&g_mp=CiVnb29nbGUubWFwcy5wbGFjZXMudjEuUGxhY2VzLkdldFBsYWNlEAAYBCAA','ChIJP6kN8nbqe0cR_IRS4e3wy-Q','Restaurant','Ristorante Affittacamere \"Alla Botte\"','Italy','+39 0431 199 1084','','','moderate','UD','Friuli-Venezia Giulia','ristorante-affittacamere-alla-botte',''),(_binary '\0',55049,_binary '\0',43.8702081,10.245074899999999,4.7,1649,'ATKogpfQa4AAcJSfkaHT9_6ekycejUoiKU8qVqFyVgXu3XA5YCweUYZL9OZTq_QOjbLUVdSS7mr6_NdfW_ZOtLTXtK4grUwFvxLwSS8DwmUBU9rwxbLUc8JYZVQ32ynng7nWuZWVr91IkOKp7tfM6ZP6pv3XV72lvavCylsvTbVpzqMfK1B7XJKrlN39qbbmDNPyO73CVtzLOM6SbUYsM99wm67qQUjfo2vlFWo8SjJIXhVl9vO3yUGFQdq9THINbNzDuOLlK9vqc5nh4_NoCC9yPGHFQeSKSGcyXKtL2dL9OeH_GQ','Via San Martino','73','Viareggio','https://maps.google.com/?cid=9625825704905515717&g_mp=CiVnb29nbGUubWFwcy5wbGFjZXMudjEuUGxhY2VzLkdldFBsYWNlEAAYBCAA','ChIJpyVSCfGh1RIRxaK3knrNlYU','Italian Restaurant','Amaro Braceria','Italy','+39 0584 962183','','','moderate','LU','Toscana','amaro-braceria','http://www.ristoranteamaro.com/'),(_binary '\0',20135,_binary '\0',45.4620318,9.219056199999999,4.6,1137,'ATKogpdhNg0hTXDW5nbZJ4uAhmxVJDw9IL2h0K2nfKg1WKg9GnPhgdiuknZTRiGditGTSHGWVyDfUwD6bS0T7kTETHo3ftadga-AU-edrB1T_JGAsKUPrXTioC2RqaaaKD7wiN1vLBWih_W3Cs-mda3YKLIf3Z2Ij5nE0sEA3U1xSbUmLqbot-CnvProPrNGITaB4SbmCFBT6OVP0lLauLsHMQABJgxcaieHxO-BpMh55sXpM4CSzdm8YSWtCVk21Tvs_agDSsetCb--D6-t627NRmeGOfZCnV5ZSx1vhwI3DIblVg','Corso Ventidue Marzo','38','Milano','https://maps.google.com/?cid=3890697634790004012&g_mp=CiVnb29nbGUubWFwcy5wbGFjZXMudjEuUGxhY2VzLkdldFBsYWNlEAAYBCAA','ChIJRx1ww4TGhkcRLFUckuKI_jU','Turkish Restaurant','Kebabbar - Star Zagros','Italy','+39 02 4960 9930','','https://kebabbarstarzagros.plateform.app','inexpensive','MI','Lombardia','kebabbar-star-zagros','https://kebabbar.it/'),(_binary '\0',6121,_binary '\0',43.110432200000005,12.3897212,4.5,1683,'ATKogpcMaYf_hTmVSo25VDrcIJ2ntofkabhONL7zP-X2RwctBZwDfBfIWeQE4mPeSM9qeitl8T0gcu3wGX2GlGE9ZLsQdoWMReLc2y1nlcCu1rT_9pIad_tLTzqDoDhs59rDSlJLNontY0dLRIKD7nnG-BUpN5K84kmX01TKI480zKZRc-mWFIPRMTCJW3C6bEo-cWuvla3kd9kXkjEMpl9aN3P0PwiTtYVZWNNLrvOWhrojnR6CL0h2eX867O8dQ1eITSc_wstkmAdmmwbNjemKOSL93LnPrfVWgEnRZmG27NAczQ','Piazza Giacomo Matteotti','39','Perugia','https://maps.google.com/?cid=15072071431925528703&g_mp=CiVnb29nbGUubWFwcy5wbGFjZXMudjEuUGxhY2VzLkdldFBsYWNlEAAYBCAA','ChIJsRJsqYegLhMRf_g7sRzBKtE','Italian Restaurant','Locanda Del Bartoccio','Italy','+39 075 928 4804','','','moderate','PG','Umbria','locanda-del-bartoccio','https://www.locandadelbartoccio.it/'),(_binary '\0',80138,_binary '\0',40.849923,14.259742,4.4,2491,'os/ATKogpcYBRJn8mpWTl0U8BgkqMAEbIbXiaZFL2gU2i-UN7mu0BewJMkpBIE4K7wKD69P1_3wJAYMsCvkF_tvgLtxrv0jgHSPtjVCaXU34TGlsyci6fGiqRyXrkN9EIuEZJPu6oMVgCYLlb7RA7D5v-XCi_0CBCGlOy5Vf4WGnCuT9kT_ImgsQviWGevbVj28o66GERth5CCFFqaL1FwTY5wy8fTebiyb6mK0HjxXYY1HxdFxWzLLTOb4NuKTfSeoc5zRgFXEzKXpycQKO1mtBgTbMdm7dc3DT6zJIOEeQibp7VQ','Via San Biagio dei Librai','60','Napoli','https://maps.google.com/?cid=13520030913522021477&g_mp=CiVnb29nbGUubWFwcy5wbGFjZXMudjEuUGxhY2VzLkdldFBsYWNlEAAYBCAA','ChIJTf9tskEIOxMRZbTH0HvMoLs','Restaurant','Trattoria Don Vincenzo','Italy','+39 081 014 4937','','','inexpensive','NA','Campania','trattoria-don-vincenzo','http://www.trattoriadonvincenzo.it/'),(_binary '\0',20129,_binary '\0',45.4738334,9.2109995,4.7,311,'ATKogpd74O6Z3MIpKGcbPh0xZtm9vAOSE1HufE7GuJCa8iglvdAKwM_aV78IY94mbDWpNQoj7hx1DFvq570QuqK-LD-l0JxI1cHnE2KdmGGAybMuEqQ53f_CduorD-WdDTvRVosQWc-NQlJtSquQy5pJsmNsSe7atXFUuQ2njaPVguDtL7ygzxzpuWZObpI6PDY4gr5jnCqjmnco9Q32ZpSRDN_DzPVMfjyB4jt_bFx4oxEixDp1tealLsGl38fMhgX8_kaSoWCeCoU21vduV4RbfVP1pBK6IojH6Krxmcng774lXA','Via Carlo Pisacane','57','Milano','https://maps.google.com/?cid=17063577280946131868&g_mp=CiVnb29nbGUubWFwcy5wbGFjZXMudjEuUGxhY2VzLkdldFBsYWNlEAAYBCAA','ChIJUUjCi7bHhkcRnFM4XCEBzuw','Restaurant','Milano Bistrot','Italy','+39 02 4953 2817','','',NULL,'MI','Lombardia','milano-bistrot','https://www.milanobistrot.it/'),(_binary '\0',153,_binary '\0',41.889804,12.4693004,4.7,89206,'ObHLSuxTq2s5_JRSdfs5T6pgsK0tQSb16Bgnh64KpnzKeQAC3EY-kUkgby0OKoEwNTWoEnXA7D7kSM7NGvCtq5yYkjQpw-jI6C2Gky8nWX8RpTnfogA9Yx65UvIqSWt0ntTqAltZbR2tQFOLfoWMtT_3dl_ua4g03FeVsuI7ajBLp4YCE-zHscPfFVWMXsu0GUW_1qwft931aTiqG5AdHO_C0g6o7E37ZOiZCnfd1ThKKDfUgS9JHdy9UdRdVHOrrgcWjVshA91QbSEXMDKhusR1wVi0J_zMaOytZjr0nAsqs53ESg','Via della Paglia','1/2/3','Roma','https://maps.google.com/?cid=4669838674805706072&g_mp=CiVnb29nbGUubWFwcy5wbGFjZXMudjEuUGxhY2VzLkdldFBsYWNlEAAYBCAA','ChIJVTkQgThgLxMRWM0saoiZzkA','Italian Restaurant','Tonnarello | Paglia','Italy',NULL,'','','moderate','RM','Lazio','tonnarello-paglia','https://tonnarello.it/'),(_binary '',20144,_binary '\0',45.4593766,9.1649955,NULL,NULL,NULL,'Via Vincenzo Foppa','4','Milano','https://maps.google.com/?cid=819126460744408731&g_mp=CiVnb29nbGUubWFwcy5wbGFjZXMudjEuUGxhY2VzLkdldFBsYWNlEAAYBCAA','ChIJvx3VBOLDhkcRmx7LFi0fXgs',NULL,'Overture S.r.l.','Italy','+39 02 3659 7730','','',NULL,'MI','Lombardia','overture-s-r-l','http://overture.digital/'),(_binary '\0',50122,_binary '\0',43.7687017,11.2570069,4.6,718,'ATKogpcGD570XfHTIFrw9s9XImf2Uc2Ad5Z5uthlpki6xwS7O5pZtPNIKhLhohRgnah5lM7weVce_eX5Qv88SE7ZZQ2NBh5JosxokAo39EZL9i251kqD01M5dI-xFWeHVKI0svs9gvnkRTgWRwMJz9mi3-P557D-wsCdG3NWk_B18hwp9xd00PkCNkVRN_MVn530GNpL1sewP759TtD6VZbtehzCJxvpVYkVoqFM4xRQb7G7APNl5Z87fge4WV4mtg8QxpEk1I27FHMRTVFqvtziQt1DuUqvo94bF60Hdlv4MqeZnw','Via dei Leoni','2r','Firenze','https://maps.google.com/?cid=17767372758076531834&g_mp=CiVnb29nbGUubWFwcy5wbGFjZXMudjEuUGxhY2VzLkdldFBsYWNlEAAYBCAA','ChIJX98BmT9VKhMReqQaTWNjkvY','Italian Restaurant','Osteria dei Leoni Firenze','Italy','+39 055 986 4340','','','moderate','FI','Toscana','osteria-dei-leoni-firenze','https://www.osteriadeileoni.it/');
/*!40000 ALTER TABLE `places` ENABLE KEYS */;
UNLOCK TABLES;

--
-- Table structure for table `tags`
--

DROP TABLE IF EXISTS `tags`;
/*!40101 SET @saved_cs_client     = @@character_set_client */;
/*!50503 SET character_set_client = utf8mb4 */;
CREATE TABLE `tags` (
  `id` int NOT NULL AUTO_INCREMENT,
  `is_visible` bit(1) DEFAULT NULL,
  `en_name` varchar(255) DEFAULT NULL,
  `google_name` varchar(255) DEFAULT NULL,
  `it_name` varchar(255) DEFAULT NULL,
  PRIMARY KEY (`id`)
) ENGINE=InnoDB AUTO_INCREMENT=29 DEFAULT CHARSET=utf8mb4 COLLATE=utf8mb4_0900_ai_ci;
/*!40101 SET character_set_client = @saved_cs_client */;

--
-- Dumping data for table `tags`
--

LOCK TABLES `tags` WRITE;
/*!40000 ALTER TABLE `tags` DISABLE KEYS */;
INSERT INTO `tags` VALUES (1,_binary '','Takeout','takeout','Asporto'),(2,_binary '','Dine In','dineIn','Mangiare in loco'),(3,_binary '','Reservable','reservable','Prenotabile'),(4,_binary '','Serves Lunch','servesLunch','Serve pranzo'),(5,_binary '','Serves Dinner','servesDinner','Serve cena'),(6,_binary '','Serves Beer','servesBeer','Serve birra'),(7,_binary '','Serves Wine','servesWine','Serve vino'),(8,_binary '','Outdoor Seating','outdoorSeating','Tavoli allaperto'),(9,_binary '','Menu for Children','menuForChildren','Menu per bambini'),(10,_binary '','Serves Dessert','servesDessert','Serve dessert'),(11,_binary '','Serves Coffee','servesCoffee','Serve caff'),(12,_binary '','Restroom','restroom','Bagno disponibile'),(13,_binary '','Wheelchair Accessible Restroom','wheelchairAccessibleRestroom','Bagno accessibile'),(14,_binary '','Wheelchair Accessible Seating','wheelchairAccessibleSeating','Sedute accessibili'),(15,_binary '','Accept Cash Only','acceptCashOnly','Solo contanti'),(16,_binary '','Accepts Debit Cards','acceptsDebitCards','Carte di debito'),(17,_binary '','Accepts NFC','acceptsNfc','Pagamenti NFC'),(18,_binary '','Paid Parking Lot','paidParkingLot','Parcheggio a pagamento'),(19,_binary '','Paid Street Parking','paidStreetParking','Parcheggio su strada a pagamento'),(20,_binary '','Live Music','liveMusic','Musica dal vivo'),(21,_binary '','Allows Dogs','allowsDogs','Cani ammessi'),(22,_binary '','Good for Groups','goodForGroups','Adatto a gruppi'),(23,_binary '','Good for Watching Sports','goodForWatchingSports','Adatto per guardare lo sport'),(24,_binary '','Good for Children','goodForChildren','Adatto ai bambini'),(25,_binary '','Serves Breakfast','servesBreakfast','Colazione disponibile'),(26,_binary '','Serves Brunch','servesBrunch','Brunch disponibile'),(27,_binary '','Serves Vegetarian Food','servesVegetarianFood','Cibo vegetariano disponibile'),(28,_binary '','Curbside Pickup','curbsidePickup','Ritiro al marciapiede');
/*!40000 ALTER TABLE `tags` ENABLE KEYS */;
UNLOCK TABLES;

--
-- Table structure for table `users`
--

DROP TABLE IF EXISTS `users`;
/*!40101 SET @saved_cs_client     = @@character_set_client */;
/*!50503 SET character_set_client = utf8mb4 */;
CREATE TABLE `users` (
  `id` int NOT NULL AUTO_INCREMENT,
  `password` varchar(255) DEFAULT NULL,
  `username` varchar(255) DEFAULT NULL,
  PRIMARY KEY (`id`)
) ENGINE=InnoDB AUTO_INCREMENT=2 DEFAULT CHARSET=utf8mb4 COLLATE=utf8mb4_0900_ai_ci;
/*!40101 SET character_set_client = @saved_cs_client */;

--
-- Dumping data for table `users`
--

LOCK TABLES `users` WRITE;
/*!40000 ALTER TABLE `users` DISABLE KEYS */;
INSERT INTO `users` VALUES (1,'admin123','admin');
/*!40000 ALTER TABLE `users` ENABLE KEYS */;
UNLOCK TABLES;
/*!40103 SET TIME_ZONE=@OLD_TIME_ZONE */;

/*!40101 SET SQL_MODE=@OLD_SQL_MODE */;
/*!40014 SET FOREIGN_KEY_CHECKS=@OLD_FOREIGN_KEY_CHECKS */;
/*!40014 SET UNIQUE_CHECKS=@OLD_UNIQUE_CHECKS */;
/*!40101 SET CHARACTER_SET_CLIENT=@OLD_CHARACTER_SET_CLIENT */;
/*!40101 SET CHARACTER_SET_RESULTS=@OLD_CHARACTER_SET_RESULTS */;
/*!40101 SET COLLATION_CONNECTION=@OLD_COLLATION_CONNECTION */;
/*!40111 SET SQL_NOTES=@OLD_SQL_NOTES */;

-- Dump completed on 2025-07-28 17:57:20
